,coc_number,black,hispanic,share_rent,unemployment,share_pa,share_ssi,gini,rent,vacancy,single,veteran,poverty,older,pop_full,pop_pov,homeless,category,homeless_rate_full,homeless_rate_pov,state
1,AK-500,5.551615605,9.066501864,39.14329165,5.642562334,5.800570763,4.813938643,42.51,1306,6.111827766,25.32480943,13.13790067,4.030510891,25.10705409,296112,11646,1094,Urban,36.94548009,939.3783273,AK
2,AK-501,1.738230215,5.501532536,33.7509698,8.673580687,6.538812288,4.665232955,41.47026944,1139.704765,7.187779135,26.01097061,12.2433128,5.5488641,27.63266155,442404,23956,922,Rural,20.84067956,384.8722658,AK
3,AL-500,32.90792825,4.096367189,32.24428147,6.340313643,1.464094943,6.228192039,47.67756392,897.4575689,8.706537681,29.47924744,7.725377907,6.115979186,28.65276449,958459,57394,901,Suburban,9.400506438,156.9850507,AL
4,AL-501,26.84764422,3.424400176,32.18214312,5.593988676,1.267631466,5.573825031,47.1287016,883.4265519,21.88520812,30.27045932,9.908306816,7.33665922,30.31411477,622766,44795,551,Urban,8.847624951,123.0047996,AL
5,AL-502,9.103161128,4.249095557,27.42074017,5.807349522,1.159048221,6.839139586,45.24852266,612.1888056,9.713024283,28.69399428,7.646442363,6.274736463,31.73815,265633,16393,256,Rural,9.637356804,156.1642164,AL
6,AL-503,19.9580857,5.698097709,30.21414352,5.8555809,2.162508743,5.268845167,46.12343111,761.5545781,7.302209163,29.28331869,10.86657434,5.691714122,29.6901712,569734,31614,424,Urban,7.442069457,134.1177959,AL
7,AL-504,45.40463248,3.059063762,35.26933636,6.988307044,1.555970301,7.403199849,47.6989097,871.6878192,7.813697485,30.01988072,9.831351759,8.536917163,27.82042032,383941,31691,369,Urban,9.610851667,116.4368433,AL
8,AL-506,31.64688938,3.60646516,36.84908606,6.275386884,4.230508849,5.418698794,46.3,843,5.679414722,27.82436895,6.416882527,8.44864514,24.69291461,206213,16528,57,Urban,2.764132232,34.48693127,AL
9,AL-507,24.39249222,3.971021127,30.41971281,7.721843248,1.498949306,7.981708871,47.56137854,656.3453264,7.986893373,29.71768221,8.728161459,9.266877344,30.22676401,1520021.862,136963.2496,730,Rural,4.802562505,53.29896903,AL
10,AR-500,26.56650707,5.538905464,36.36642594,4.80495258,1.752088547,6.196273678,46.89864094,829.818993,12.06971139,30.45885358,9.921165615,6.70405818,28.08714662,591922,39086,1081,Urban,18.26254135,276.5696157,AR
11,AR-501,2.423539964,16.03410407,38.22783228,3.666052965,1.032370865,3.893135165,47.3411997,803.7806508,3.850547821,24.9131704,7.740915991,5.698629634,24.23078575,537248.3927,29957.89917,474,Urban,8.822734631,158.2220426,AR
12,AR-503,15.52914701,5.943928338,34.91118744,6.437084878,1.533193391,7.521085859,46.21822298,687.4318053,8.675760311,27.99714977,8.447872337,7.805430709,28.47197762,861837.7775,65158.06209,768,Rural,8.911189786,117.8672255,AR
13,AR-504,9.943288478,3.06987458,30.31005798,6.154880381,1.464222694,8.044221974,46.40721577,623.1990662,8.413415234,29.26212683,9.405829677,7.546384891,31.76663872,354249,25396,57,Rural,1.609037711,22.44447945,AR
14,AR-505,36.80371595,3.629081722,31.53488769,7.941066796,4.662205362,8.771152125,47.23932193,641.9038091,8.92774742,30.9969737,7.952365455,9.807504101,30.63368024,301619,27859,101,Rural,3.348595413,36.25399332,AR
15,AZ-500,2.180559693,28.41052935,29.84733684,8.654201703,2.332935668,5.621344724,44.5846735,881.5385744,7.709640586,26.65902479,11.52717883,8.826672601,31.38949479,1668074.836,140773.5006,2187,Rural,13.11092256,155.3559435,AZ
16,AZ-501,3.527726184,36.95379721,37.60996939,7.59602781,1.851302172,4.527982799,47.13,885,7.16511846,30.35616739,10.66617392,7.926812042,29.05409514,1019722,78562,1380,Urban,13.5331002,175.6574425,AZ
17,AZ-502,5.468860029,30.819713,38.62809338,5.520393658,1.62297554,3.85365287,46.65496513,1078.950936,6.372584391,26.77897622,7.920953044,6.899537441,26.03629618,4258888.164,289989.4994,6298,Urban,14.78789712,217.1802777,AZ
18,CA-500,2.500156071,25.77541359,43.25038354,4.790059453,1.948310452,4.954643798,46.52,2126,3.512228968,20.59179419,3.567597918,3.976900341,25.60165435,1922200,75242,7254,Urban,37.73800853,964.0892055,CA
19,CA-501,5.218356773,15.24647029,62.38944819,4.682801247,2.237866062,7.086158816,51.28,1805,2.866588443,35.98324033,3.192785087,5.208155754,26.30924413,870044,44604,6857,Urban,78.81210605,1537.306071,CA
20,CA-502,10.77660157,22.45306321,46.73590867,5.055587932,3.584932009,5.597430482,46.24,1674,2.69447344,24.10197776,3.890789453,5.078143116,26.60680173,1643700,82125,5496,Urban,33.43675853,669.2237443,CA
21,CA-503,9.871637717,22.98143803,44.01758114,7.366082882,4.744705977,7.716186997,45.83,1184,4.075163135,26.2648103,7.010726867,6.927757149,26.46257706,1510023,103194,3621,Urban,23.9797672,350.8924937,CA
22,CA-504,1.587817688,26.52712755,39.21326298,5.07296864,2.054515974,5.03330006,45.78,1549,2.752245869,27.79036543,6.625428212,4.778631851,32.61788449,501317,23630,2996,Suburban,59.76258535,1267.879814,CA
23,CA-505,8.588860151,25.42261308,34.35047173,6.101193029,2.581339207,5.159364429,47.03,1702,2.917419873,21.99338733,5.537624165,4.178556525,29.17995812,1133247,46961,2234,Suburban,19.71326639,475.7138902,CA
24,CA-506,2.362837679,58.42867235,47.4059753,5.634418092,2.233086681,4.598308668,45.43015525,1410.166381,4.268224974,20.61171692,5.565672247,4.911418089,24.61512541,492628,23334,3299,Rural,66.96736686,1413.816748,CA
25,CA-507,2.193280701,15.88005916,36.15687169,3.770117299,1.007999392,3.271960326,51.58,1970,2.538819284,30.58389861,5.488873123,3.723264005,35.60575501,260295,9461,1095,Suburban,42.06765401,1157.38294,CA
26,CA-508,0.948258543,33.48711486,40.60633276,6.271755216,2.387317766,4.557416768,48.26,1647,1.958873648,25.67567568,4.819107226,6.66496386,29.7583694,273765,17483,2320,Suburban,84.74421493,1327.003375,CA
27,CA-509,0.607398595,24.79810574,40.82428865,9.234879299,3.35288941,8.113816368,47.36,1100,2.081604426,31.1938985,8.843726258,7.670447928,34.70522294,87422,6586,880,Rural,100.6611608,1336.167628,CA
28,CA-510,2.880395178,45.60959464,42.62343498,10.5082401,4.955351455,8.615258104,44.51,1099,2.779419684,20.51400841,5.605358299,6.592242351,24.74962961,539301,35218,1356,Suburban,25.14365818,385.0303822,CA
29,CA-511,7.104909507,41.14327544,44.38377432,8.66641953,4.507182647,8.579922109,45.46,1159,3.558387219,20.28562985,5.712981873,6.598557023,24.54972057,732212,47375,1685,Urban,23.01246087,355.6728232,CA
30,CA-512,2.330354403,24.67598425,40.12115937,4.106983697,1.6307273,3.439338242,48.52,2158,3.590088412,22.72558967,4.173470519,3.451103337,28.65765372,765935,26221,1238,Suburban,16.16325145,472.1406506,CA
31,CA-513,2.786494844,61.63324336,44.40424735,9.137756329,8.701024933,7.517291896,46.54466917,920.4687447,3.090801359,18.15299624,5.851872405,9.742630537,21.46647624,610552,57452,967,Urban,15.83812681,168.314419,CA
32,CA-514,4.624129523,53.36599176,45.74120664,9.220940628,7.751951297,8.600590183,47.3342672,969.5991839,3.639051843,21.32359044,5.360050001,10.43156056,23.14323964,1133143,115623,2144,Urban,18.92082464,185.4302345,CA
33,CA-515,1.429975645,12.89294591,27.79114918,5.233419421,1.921075097,4.277256079,45.0708795,1413.161275,4.727110051,25.43331589,9.239178254,4.325282116,33.01695227,479169,20529,950,Suburban,19.82599041,462.7599981,CA
34,CA-516,2.152975776,11.98200134,34.74214971,6.670862177,3.656636878,8.784947118,46.0639149,942.035513,3.277984864,29.64827417,10.26640335,7.418653331,33.86358607,311801,21867,1149,Rural,36.85042704,525.4493072,CA
35,CA-517,2.040133779,33.93367964,36.25387502,4.996247454,2.070076685,5.084434655,47.19,1621,3.907934455,25.12848752,7.001691405,3.576740253,30.4440333,140530,4906,322,Urban,22.91325696,656.3391765,CA
36,CA-518,14.09846533,26.08852302,39.34271167,7.037544885,3.238141239,5.942965244,42.31,1498,3.41984982,22.03505806,9.765963336,4.588407619,29.31407201,438530,19641,1129,Urban,25.74510296,574.8179828,CA
37,CA-519,1.531212155,16.01144996,40.82975218,8.736164934,4.274341279,8.772192587,48.93,1016,7.36596041,28.91689805,8.286686484,9.184268454,29.14587691,227075,20319,1125,Rural,49.5431025,553.6689798,CA
38,CA-520,3.260057605,58.90327975,48.02150592,12.68566567,7.089917845,9.415119463,47.08,973,3.424864212,18.79757807,5.113278542,10.29349132,21.82031032,269075,27069,514,Suburban,19.10248072,189.8851084,CA
39,CA-521,2.713778683,31.54244408,48.28866821,6.457500769,4.038906271,5.495850905,49.31,1266,2.313428774,23.12066386,4.801965544,11.90816612,22.79918317,214977,24653,448,Suburban,20.83943864,181.7223056,CA
40,CA-522,1.167432679,11.31341701,43.14592662,8.035054377,3.44961026,8.559529733,47.54,947,2.735537527,33.0182247,7.956144358,8.602613165,30.18605268,135768,11397,703,Rural,51.77950622,616.8289901,CA
41,CA-523,1.131414429,40.32110313,37.97435226,6.517821017,4.536334293,8.113059409,47.54140848,824.2819215,3.417107584,24.40896798,7.398757232,7.364303178,30.24765762,62223,4518,268,Rural,43.07089019,593.1828243,CA
42,CA-524,2.589793715,29.37822776,42.00960044,9.127805402,4.909547481,9.851551957,43.82297552,970.581128,4.007130677,21.78889287,9.696315708,6.738590785,25.62133458,171365,11374,765,Suburban,44.64155458,672.586601,CA
43,CA-525,0.80038144,12.6598486,23.39385879,6.190062014,2.787254959,5.486323946,44.94,1200,4.881312544,23.48349043,9.436964422,3.818671221,36.90219167,186661,7065,645,Suburban,34.55462041,912.9511677,CA
44,CA-526,1.413262929,12.20751152,26.51783107,7.24895547,2.646266671,5.832819548,45.89868154,1064.141262,7.049726252,28.83148911,11.78290127,5.675671994,40.13369053,154536,8332,398,Rural,25.75451675,477.6764282,CA
45,CA-527,0.743218721,24.65245452,35.17169615,9.286328461,4.403746098,10.76378772,45.85,839,4.31372549,26.71800208,9.285951649,9.482841334,31.9505152,63373,5930,125,Rural,19.72448835,210.7925801,CA
46,CA-529,2.434994076,20.00062356,33.92513287,9.776247849,3.901255488,8.942463221,47.96,968,4.897567222,32.32688901,9.938437936,9.601840102,36.87722143,64148,6053,615,Rural,95.87204589,1016.025112,CA
47,CA-530,0.823230055,23.64316719,36.69211581,4.497203516,2.297981707,4.618640865,40.36238767,978.24652,22.17446673,38.40804294,8.577515324,4.485029575,34.8839994,33405,1471,157,Rural,46.99895225,1067.301156,CA
48,CA-601,5.038462435,33.5144102,46.92577168,6.39766205,2.500223418,5.009026077,46.3,1569,3.640366282,23.72062057,8.917198216,5.921005048,25.66990217,3302833,190745,8576,Urban,25.96558772,449.6054942,CA
49,CA-602,1.729736153,34.13820697,42.63032838,5.078525843,2.032889275,4.388336386,47,1777,3.210709905,21.05895834,4.579527395,5.183126896,27.30000992,3164182,162077,4955,Suburban,15.65965548,305.7188867,CA
50,CA-603,1.943939892,45.08516287,47.82080821,6.143733489,2.221271782,4.384597343,47.98,1576,2.733308384,23.64067825,6.389556453,7.010906692,24.94354777,443738,29762,1706,Suburban,38.44611009,573.2141657,CA
51,CA-604,5.45595791,52.75357198,41.99796202,10.32026213,5.884372912,7.611426097,46.45,956,5.257442614,20.04456671,5.910114306,9.330191847,22.40431775,883053,79477,885,Urban,10.02204851,111.35297,CA
52,CA-608,6.442575503,48.4422348,34.23795398,8.590354321,3.41421788,5.669667529,45.47,1311,5.308200876,21.73219424,7.0194839,6.246677186,25.32377566,2383286,146635,2316,Suburban,9.717675512,157.9431923,CA
53,CA-609,8.354543126,52.81474825,40.73573695,8.756627767,5.034148229,7.34404955,44.1,1230,4.307747899,18.71040685,5.914269232,7.522077416,24.020131,2135413,156115,2118,Suburban,9.918456055,135.6692182,CA
54,CA-611,1.749179354,42.4492284,36.74868928,5.901420057,1.972524758,4.277982199,44.76,1705,3.355413497,21.59306261,6.33725111,3.732147105,28.28411814,848112,31219,1308,Urban,15.42249137,418.9756238,CA
55,CA-613,2.547498557,83.79888578,41.62789114,15.2501379,6.087568377,10.69296593,47.68,818,4.63223627,20.01271081,4.255103315,9.606505248,22.70386647,180216,16374,1493,Suburban,82.84503041,911.8114083,CA
56,CA-614,1.870636514,22.38439537,39.2443765,4.556085972,1.75470247,4.404796946,45.38,1385,3.221178322,26.13728078,7.562735435,7.431890044,31.22310849,281455,19720,1095,Suburban,38.90497593,555.2738337,CA
57,CO-500,1.200512953,21.57448511,31.29830124,5.364146809,2.513623814,3.969894988,43.82179457,1008.303301,6.513343555,26.48822083,8.93189031,5.830734826,30.21113626,1729594,97590,3989,Rural,23.06321599,408.7508966,CO
58,CO-503,5.272632196,22.27832157,37.01314564,4.047589181,1.732850546,3.052970476,44.97347693,1330.59733,4.263139778,28.33616301,7.137728481,4.565224902,26.04996512,3099795.182,139424.0825,5317,Urban,17.15274619,381.354491,CO
59,CO-504,6.28958967,16.80789011,36.2362311,6.150242317,2.442191342,3.916662391,43.4,1119,3.89635953,25.26689268,17.14420462,4.706691795,25.40452487,688153,31468,1551,Urban,22.53859244,492.8816576,CO
60,CT-505,10.29633284,14.52986763,33.91168481,6.356938688,4.198928254,4.850587587,46.2138872,1106.13198,6.612863458,29.61542422,6.685556806,4.852310601,31.14332067,2726783.474,127924.1472,3235,Suburban,11.86379495,252.8842343,CT
61,DC-500,46.94199253,10.92421015,58.20767661,7.369651777,3.606187927,5.353296223,52.83,1487,5.959162809,44.1490534,4.813541391,9.201243793,22.64769218,684498,59892,6904,Urban,100.8622377,1152.741602,DC
62,DE-500,22.10564563,9.090621857,28.91758557,5.944556958,2.192500664,4.517490531,45.12900038,1099.487636,7.083011257,27.24889243,8.963605795,5.444646294,31.16519834,949495,50291,1082,Suburban,11.39553131,215.1478396,DE
63,FL-500,6.487938249,12.40500918,27.18667008,5.290450353,1.591286941,3.856534332,47.75324243,1153.911465,10.55158487,30.42815767,11.50930498,4.809029008,37.76681081,785997,37326,1192,Suburban,15.16545229,319.3484434,FL
64,FL-501,16.62214996,28.02833888,41.94544589,6.134759026,2.378804131,5.455605079,47.99,1094,6.304031042,28.6939618,8.706780969,6.712179374,26.83019517,1378883,91152,1795,Suburban,13.01778323,196.9238196,FL
65,FL-502,10.27607986,9.433276785,34.26493672,5.673901323,2.428872756,4.313989993,48.57,1064,7.628520806,36.36735995,10.76283514,6.324929978,36.08143025,957875,59684,2612,Suburban,27.26869372,437.638228,FL
66,FL-503,15.20777782,21.52897314,31.47323359,6.874564045,2.459569316,6.225892934,44.23,944,6.806680162,25.08907723,9.307565145,7.422931789,29.86550935,668671,48647,552,Suburban,8.255180799,113.4705121,FL
67,FL-504,10.76164235,12.82505715,28.97631834,5.5733655,2.034587996,5.15310669,45.53368744,1026.836524,6.239146302,30.21481464,11.7587959,6.762446885,36.03587424,634773,42174,683,Suburban,10.75975191,161.9481197,FL
68,FL-505,8.536544196,8.307357602,34.20619252,5.528616916,1.56113064,4.719025377,44.73453384,1063.697883,15.91766481,28.32956132,19.814666,4.879915576,30.17686003,266595,12624,495,Suburban,18.56749001,392.1102662,FL
69,FL-506,31.6756433,6.231084411,39.3421783,7.507667504,1.818529062,5.257440929,47.10886468,909.1700327,7.258042549,30.05914546,7.56691182,10.85485622,26.95757917,440774,44487,909,Urban,20.62281351,204.3293546,FL
70,FL-507,17.45936804,32.2417288,42.02144606,5.960254761,2.269972072,4.648070889,47.16666455,1172.65999,8.528016707,25.11036789,6.548453124,6.298971263,25.54259092,2114899,130708,2053,Suburban,9.707319357,157.0676623,FL
71,FL-508,17.65338229,8.978307557,37.59642351,6.781857675,2.011459532,4.965373389,49.02523216,868.317486,13.56765748,34.15602007,8.992861782,11.26172495,28.05581386,420469,44855,756,Rural,17.97992242,168.5430833,FL
72,FL-509,13.68121454,15.674682,24.25172973,6.355691279,1.993251901,4.659605364,48.78390523,1084.553812,13.74524687,29.72922183,10.93951918,5.18456976,35.44881105,614156,31451,1542,Suburban,25.10762738,490.2864774,FL
73,FL-510,24.75319652,9.032107965,39.10824223,6.611554016,2.58961366,5.09230414,46.23931171,1054.129729,6.610875677,28.23108059,12.75358611,6.789820108,28.49711822,1212098,80689,1794,Urban,14.80078344,222.3351386,FL
74,FL-511,16.32902042,5.4966761,33.99616848,6.198147639,1.827470361,3.989782603,43.23942033,1009.436863,13.0808223,28.1716967,15.78246338,5.726959007,29.60034359,481964,26171,632,Suburban,13.11301259,241.4886707,FL
75,FL-512,5.405875934,6.687388271,21.50391802,4.89041904,1.582278481,3.202809848,46.55,1261,7.276914784,22.29911439,11.24802855,3.962644912,33.56432827,235503,9229,342,Suburban,14.522108,370.5710261,FL
76,FL-513,10.07267583,10.00246182,27.11500821,6.227970242,1.84631785,4.860018874,45.5,1018,10.36131478,30.30084583,13.76570903,5.243615176,35.91732431,576808,29896,734,Suburban,12.72520492,245.517795,FL
77,FL-514,12.59748946,12.74244986,24.15869435,8.839573979,2.298665338,5.554009113,44.81,859,9.913724237,30.21961118,12.81696015,7.396153846,35.50840914,348371,24999,572,Suburban,16.41927715,228.8091524,FL
78,FL-515,14.11495863,5.494861663,32.16393501,6.969694679,2.25672841,6.604863654,44.72527548,892.5117548,20.62881114,29.22103317,13.56018644,6.817736404,30.83264309,305449,19481,381,Rural,12.47344074,195.5751758,FL
79,FL-517,9.978059202,29.79983833,27.70483338,8.442930836,2.394163471,6.005735444,46.72261153,749.2485392,8.56198822,27.42465362,10.07802372,9.758805329,31.21174795,259790,24349,453,Rural,17.43716078,186.0446014,FL
80,FL-518,17.91652578,7.848311551,27.19516378,9.349450305,2.568170125,9.048619448,47.06880463,755.3536775,8.331569665,27.98190705,12.20205165,8.247646458,31.40500728,136042,10259,493,Rural,36.2388086,480.5536602,FL
81,FL-519,5.57410697,14.54759466,27.99369563,6.478044587,2.773720429,6.576919795,45.17,1025,7.564363589,27.65890165,11.44784131,6.006774423,32.72704483,510593,30165,2668,Suburban,52.25296861,884.4687552,FL
82,FL-520,7.388281442,11.28717985,20.8660694,6.91930824,1.696825886,5.190748889,43.36814222,953.2789077,10.53373562,28.35776277,13.8347557,5.792858256,38.9310664,782144,44221,711,Suburban,9.090397676,160.7833382,FL
83,FL-600,17.74896557,67.96667742,48.38739338,6.274078864,2.358367498,7.342098337,52.49,1257,6.027504531,26.01663581,2.315799806,6.968847482,27.87797973,2715516,186495,3516,Urban,12.94781544,188.5305236,FL
84,FL-601,28.46663255,29.05003323,37.93821325,6.597021119,1.783347603,4.358528518,48.61,1332,7.363307196,29.05695453,5.12388007,6.0419908,29.40202216,1909151,114328,2318,Suburban,12.14152259,202.7499825,FL
85,FL-602,5.50142975,7.031770969,20.48982272,7.300248215,1.187130663,4.319107026,45.42,976,13.25218312,30.38345371,14.38494692,4.575800765,44.20301321,176954,7930,164,Suburban,9.267945342,206.8095839,FL
86,FL-603,8.603145493,20.74862352,29.39259401,5.926126285,1.577644458,3.833576718,48.05,1093,7.755398789,28.29019241,9.985435994,6.257399811,35.65402635,718679,44342,728,Suburban,10.12969629,164.1784313,FL
87,FL-604,7.073698002,23.85325909,40.40087793,2.875829566,2.514363179,3.34387709,50.6,1616,22.24696113,31.04060422,10.52913133,4.93835406,38.4238454,76321.04277,3696.808321,973,Rural,127.4877759,2632.000135,FL
88,FL-605,18.56414781,21.85030945,31.38854028,6.514655253,2.15936784,3.785186861,52.21,1320,8.309740487,31.03758373,7.154895078,5.542977069,31.16671288,1446277,79076,1309,Suburban,9.05082498,165.5369518,FL
89,FL-606,6.967427086,27.49517754,27.32542464,4.610417271,0.797491167,2.639383576,52.23,1228,9.700200789,26.80038597,9.255536559,4.826438025,35.19243135,363922,17394,653,Suburban,17.94340546,375.4168104,FL
90,GA-500,44.80546359,7.361865898,48.30952495,6.534194754,1.530128861,4.539535806,53.6821356,1147.693295,7.787517875,37.52561077,5.463750385,7.19201468,24.65392624,465348.8084,32436.38336,3076,Urban,66.10095362,948.3178091,GA
91,GA-501,26.20488298,9.719991575,32.56383522,6.185243697,1.75363102,5.795386318,44.46814554,916.4808585,6.997323808,24.00266323,8.585992742,7.170230029,27.70466333,6981438.4,488034.4197,3730,Rural,5.34273854,76.42903553,GA
92,GA-502,44.28939459,7.309022963,48.49614275,6.484751718,1.544162563,4.563728819,53.94608402,1148.825296,7.918813668,37.78300647,5.406487481,7.205925065,24.58997187,591688.8412,41289.14164,222,Suburban,3.751972059,53.76716278,GA
93,GA-503,27.57098602,10.65151442,60.99440962,6.419096454,0.963493139,6.115534474,52.71,845,5.704407952,33.28815856,4.446952816,16.88721355,19.30948139,124602,19219,212,Urban,17.01417313,110.3075082,GA
94,GA-504,56.52700496,4.84406566,46.73040948,10.30161898,3.018083559,7.913808633,47.61,850,10.58349578,34.42804684,12.92877936,11.99422793,26.52695532,201463,23024,269,Urban,13.35232772,116.8346074,GA
95,GA-505,45.10226261,7.053432359,49.17941964,8.925939329,1.838727212,6.921098846,48.30124959,859.4138879,6.572883372,32.81798796,14.3352576,10.15868897,25.4406924,254883,25056,276,Urban,10.82849778,110.1532567,GA
96,GA-506,27.363544,12.83378319,35.73309478,5.004874007,0.68933923,2.833108483,45.18,1157,5.548913095,24.56911789,7.480183038,4.71799946,26.35060136,745057,34617,384,Suburban,5.153968086,110.9281567,GA
97,GA-507,39.75976227,6.273145003,45.86735213,8.048643186,0.934804116,4.630562824,48.04,1044,8.006473551,30.22718237,10.4659815,7.661684644,26.56689276,287049,20997,1009,Urban,35.15079307,480.5448397,GA
98,HI-500,0.642849907,11.83424051,36.18690173,4.987838465,3.231182425,4.972109359,45.35178828,1285.688694,19.22401792,24.37779767,8.297562029,6.145076437,32.96355649,434316,26293,2035,Rural,46.85528509,773.9702582,HI
99,HI-501,2.376579273,9.777064066,44.24299815,4.307064334,3.000722253,4.026964128,43.18,1703,5.168877714,23.58494503,10.5115343,4.215074151,27.1589388,987638,40283,4495,Suburban,45.5126271,1115.855324,HI
100,IA-500,3.693110052,19.85494846,34.33266568,4.828806648,2.627554866,4.867437703,43.31543128,750.0198753,5.081277044,26.09894252,7.304239485,6.072352503,26.50694699,122715,7253,264,Urban,21.51326244,363.9873156,IA
101,IA-501,3.009175411,4.888439319,27.81538604,3.775371511,1.938836951,4.140420122,43.51343412,724.9706587,6.710797943,29.41578405,8.055281337,5.383381185,29.31298359,2447590.242,127056.6555,1721,Rural,7.031405707,135.4513853,IA
102,IA-502,6.403725868,8.17656481,32.6088194,4.22321929,2.35955785,4.196709237,44.33565191,883.0072774,5.993608415,28.5535501,6.612392026,5.036892888,25.34137176,489007.7576,24175.34449,764,Urban,15.62347403,316.0244522,IA
103,ID-500,1.390869226,8.034489252,31.62953876,3.844833356,2.261453944,3.411737515,46.59,950,2.435604767,30.12368067,8.773637996,4.897257298,26.65989616,446052,21416,756,Urban,16.94869656,353.0070975,ID
104,ID-501,0.42939158,13.95079714,30.39636113,5.001978233,3.282768745,5.215418492,43.16413186,780.1685716,6.465625148,25.07128717,9.417439082,5.870755301,27.59010016,1241757,71583,1256,Rural,10.11470038,175.4606541,ID
105,IL-501,11.19047619,13.86161634,32.28162803,8.74656718,3.40635523,4.931790399,44.82067985,786.6237742,5.983386692,28.86402328,8.09844024,7.153569151,29.7995762,339780,23898,256,Suburban,7.534286892,107.1219349,IL
106,IL-502,6.874303753,21.53688148,26.79397306,5.565906673,1.698779016,2.948227734,48.58384259,1166.634104,5.969125441,22.30317055,5.978050333,3.775890202,28.67278175,729563.5166,26874.40998,277,Suburban,3.796790734,103.0720303,IL
107,IL-503,13.34078148,5.843455177,46.36662263,4.789279079,2.224269385,2.922459666,50.97,862,9.863795624,36.22468151,5.45247856,13.739816,22.41845231,209448,26629,188,Urban,8.975974944,70.59972211,IL
108,IL-504,8.529002146,3.193811872,29.23854654,6.843052849,1.867557931,5.368065318,43.96,815,5.948657421,28.69112677,10.26938712,6.049039395,30.24090037,265670,15705,146,Suburban,5.495539579,92.9640242,IL
109,IL-506,9.958608614,16.768035,19.37171639,5.103514413,1.781116072,3.249362517,40.16934775,1180.178574,5.570702626,20.27901678,6.086359446,2.970044497,26.30501568,807364.871,23666.3726,341,Suburban,4.223617007,144.0862973,IL
110,IL-507,9.116545663,3.423258184,28.34134278,6.171318035,2.45446086,4.799296358,44.91002807,748.173048,9.043260896,30.58993741,8.213553726,5.945951628,29.40389759,392550,22625,400,Suburban,10.18978474,176.7955801,IL
111,IL-508,29.25891059,3.916918571,34.50848909,7.009368058,2.629554568,5.935714531,46.94010093,843.9712472,7.676499224,31.44063774,12.43056895,7.477330035,29.25078181,271262.5507,19970.44373,250,Suburban,9.216163432,125.1850001,IL
112,IL-509,7.709213052,10.96161228,43.03371085,7.445118938,2.400339496,3.636315413,43.53,914,3.921682547,27.36387025,6.336854489,10.14919652,23.38675624,104200,10061,100,Suburban,9.596928983,99.39369844,IL
113,IL-510,23.53623509,25.14743848,43.0949756,7.769472777,2.767498973,5.283836676,50.68436299,1091.197661,6.014566714,32.58625425,4.054995049,6.91079366,26.4463396,2714352.183,184506.0099,5450,Urban,20.07845568,295.3833321,IL
114,IL-511,23.51127552,25.1296689,43.0346949,7.763442568,2.765469009,5.279707887,50.65536469,1091.274769,6.016311423,32.55622965,4.060706009,6.900539591,26.44506832,2497530.575,169516.4176,873,Suburban,3.495452703,51.4994366,IL
115,IL-512,8.781810715,5.578549543,30.56020945,5.153331358,2.011947618,4.91044171,43.97003783,770.5157409,8.444641478,29.04355556,7.955905328,7.422546821,28.74986516,528399,37461,387,Rural,7.324010833,103.3074397,IL
116,IL-513,12.77945573,2.250823379,31.08975508,6.293445025,2.112095242,5.126642043,46.27,799,5.169744753,32.8121825,8.4468344,6.645649758,30.78452502,197661,12859,271,Urban,13.71034246,210.7473365,IL
117,IL-514,5.004472507,14.28013918,26.54620888,4.567652445,1.428712169,2.825804606,45.13697868,1275.603482,4.839868121,24.80998173,4.754904605,3.309611458,29.6590046,918678.877,29976.58516,295,Suburban,3.211132937,98.41014194,IL
118,IL-515,1.885494324,1.932198538,24.75670884,5.059136468,2.134844787,5.194164758,43.43440519,638.3006647,7.414903404,28.62065306,9.004899692,6.151585025,31.34304748,398251,23397,92,Rural,2.310100916,39.32128051,IL
119,IL-516,14.35612889,2.221345952,30.4604085,8.174460087,2.7882937,7.063677374,46.46,676,7.329023477,34.60884547,8.73964819,7.429387311,31.23873366,106512,7649,161,Urban,15.11566772,210.4850307,IL
120,IL-517,6.037558456,29.8973891,26.88314053,5.486099837,1.677221761,3.66082936,44.43796659,1143.979975,3.860346014,21.95725647,5.35904658,4.06399018,27.06847746,592363.9742,23777.75505,430,Suburban,7.259050495,180.8412943,IL
121,IL-518,4.810886464,8.502252684,27.50796577,5.958819152,2.086493985,4.859212659,43.03333187,696.4953038,7.08958007,30.46466685,8.920588443,5.602572514,32.34850912,652333,35351,198,Rural,3.035259599,56.00973098,IL
122,IL-519,4.459770323,3.450130385,27.0579277,5.815480815,2.178681426,5.313164146,43.86818048,636.9009794,10.89536138,31.16412279,8.790613616,6.433770574,30.65075226,221267,13400,67,Rural,3.028015926,50,IL
123,IL-520,5.913588067,2.601691009,27.15310533,6.590644586,3.376211794,5.763294687,44.82772232,654.2689974,8.598802342,30.5847249,9.230875505,6.961116927,31.07607524,572622.4493,37805.55627,282,Rural,4.924710869,74.5922102,IL
124,IN-502,6.284104964,6.218391566,28.52601057,5.12646107,1.680531494,5.011568644,43.23657865,801.0114458,7.042247344,27.05941317,7.846720363,6.012059724,28.88919766,5692903,331299,3576,Rural,6.281505236,107.9387502,IN
125,IN-503,27.70964815,10.19138761,46.02677809,7.052129386,1.754314655,5.683502559,48.04,862,8.129826537,36.70620243,6.885116162,9.019010601,25.27900326,944523,83441,1682,Urban,17.80793056,201.5795592,IN
126,KS-502,8.961379828,14.35894732,36.37009077,5.222423035,2.263266234,5.280954546,45.54,803,8.108142755,30.63709591,8.590600819,6.372629533,26.6068304,512064,32203,573,Urban,11.1900075,177.9337329,KS
127,KS-503,8.275560342,12.1917839,35.19863366,4.516705701,2.103669967,5.277920491,44.36,800,12.69068155,32.6811725,9.754906314,5.091265043,29.9370667,178284,8842,408,Urban,22.88483543,461.4340647,KS
128,KS-505,4.672913158,7.524483264,30.87622988,3.113352402,0.688643134,2.224167042,45.22,1065,4.39669911,25.94964684,6.518979278,2.578605832,27.30767786,585502,14953,168,Suburban,2.869332641,112.3520364,KS
129,KS-507,3.04927001,10.52437693,32.70251416,4.23983259,1.680899097,4.28059622,43.1431256,740.9006109,8.465927161,28.96790342,8.945356091,5.921549462,27.85797991,1468581,83117,918,Rural,6.250932022,110.4467197,KS
130,KY-500,4.279590832,2.85521698,30.50946953,6.310257477,1.951135157,8.530216191,45.80774017,695.8088946,5.685168266,26.97616313,8.216520032,7.99830197,29.97001475,3354316,259634,2077,Rural,6.192022457,79.99722687,KY
131,KY-501,21.46700662,5.22932814,38.34099214,5.850961229,2.2457608,5.978383465,47.7,834,7.16336137,33.42700069,7.899371111,6.508009263,29.00538875,767154,48843,926,Urban,12.07058817,189.5870442,KY
132,KY-502,14.39319307,7.170242271,45.52117137,5.439944492,1.233638185,4.559570206,49.47,864,5.106812286,31.36034036,6.244582462,8.524836847,25.00705918,318734,26060,685,Urban,21.49127486,262.8549501,KY
133,LA-500,27.46173539,3.924668738,31.78419024,7.08347309,1.134103159,6.983318614,47.88941103,741.1053941,9.216236331,28.97534522,5.959258627,8.871973349,27.55735891,657788,57204,363,Rural,5.518495321,63.4571009,LA
134,LA-502,39.70919884,3.581239657,37.45118257,6.779287413,3.440059409,9.223889687,49.22916363,798.1878619,9.028352979,31.40236247,9.662649261,9.535763926,28.32414158,479778,44594,375,Urban,7.816114953,84.09203032,LA
135,LA-503,42.35539695,10.1733685,45.22359266,6.974632473,1.364687813,6.92686673,51.7410902,966.6679645,8.131227791,37.73530568,5.659699965,9.322501882,29.10959236,824948,75293,1188,Urban,14.40090769,157.7835921,LA
136,LA-505,37.76570893,2.240633822,37.65816867,7.060163089,1.833354111,8.311257246,51.0419169,664.8625293,8.192985382,30.43617154,6.914954943,12.49292041,27.34462381,353159,41469,187,Rural,5.295065395,45.09392558,LA
137,LA-506,16.67867086,4.388340236,23.89475543,6.639560975,1.017803206,7.355572628,45.64967622,914.0240644,8.841798246,24.86531882,8.276303992,6.17141488,28.96588501,577576,35030,194,Suburban,3.358865327,55.38110191,LA
138,LA-507,27.09018811,3.895916628,36.85130288,7.033395922,1.946091348,8.05427463,47.44838697,765.3857639,9.30774351,28.48594642,9.801666763,8.178889122,27.32975028,305140,23354,177,Rural,5.800616111,75.79001456,LA
139,LA-509,34.08249079,4.135399418,34.08556963,6.803617316,1.754810572,6.19122008,47.84315995,856.8962668,8.55294527,29.43378145,6.794513874,8.29661223,27.00440232,1114185,89753,575,Suburban,5.16072286,64.06471093,LA
140,MA-503,3.220516803,3.031341903,20.96550138,4.508125109,1.695710905,4.463455993,46.28349573,1311.455102,7.794748013,32.17731196,9.502797841,3.288448978,40.33473218,242104,7854,358,Suburban,14.78703367,455.8186911,MA
141,MA-504,8.775228302,24.61629959,39.15539842,6.828519568,4.559798484,11.78041029,47.04,885,4.140845836,29.86880247,7.209167551,7.400033001,29.50613494,469116,33635,3368,Suburban,71.79460944,1001.337892,MA
142,MA-506,4.963880916,11.15581067,35.01955782,5.534310242,2.856873222,6.490852408,45.53,1027,4.530905656,27.43691709,6.881386726,4.851319763,30.23167291,822280,38540,1852,Suburban,22.52274165,480.539699,MA
143,MA-507,2.588322362,4.865311528,32.29120422,5.797027817,2.60127636,6.252774695,46.12134633,964.5130654,5.10542047,32.26761931,7.476697781,5.70589737,33.26145868,359422,18774,651,Suburban,18.11241382,346.7561521,MA
144,MA-511,8.81696068,3.926787484,25.63978737,5.318681648,2.17845224,4.854342311,45.57583191,1293.535268,3.482049631,24.99459136,7.028887205,3.495035692,32.17483854,662600.1044,22635.21984,1090,Suburban,16.45034452,481.5504368,MA
145,MA-516,7.738159821,8.559785518,36.87438448,4.982232854,2.087244929,4.63071092,48.10371267,1500.696166,3.413942268,27.74315303,5.003697384,4.196414559,28.86228418,1086838.929,44177.55319,2296,Suburban,21.12548547,519.720952,MA
146,MD-500,8.406852189,1.751948539,31.37909976,8.522456753,3.128929123,6.243488882,44.8,694,7.942201271,31.86406581,9.118643496,7.596809869,30.56809814,71977,4877,79,Suburban,10.97572836,161.9848267,MD
147,MD-501,62.45615748,5.124938995,52.65102585,9.108558064,5.082286232,9.513664044,51.3,1051,8.037042923,38.93036286,6.022941009,11.00141568,26.75467708,614700,65122,2508,Urban,40.80039043,385.123307,MD
148,MD-502,13.57633702,4.409520964,21.52841798,4.834072917,1.738738932,4.652359411,41.5,1213,4.529963079,22.85444761,10.15131231,3.942933134,31.28094811,251025,9814,190,Suburban,7.568967234,193.6009782,MD
149,MD-503,16.4746625,7.511062259,25.65474786,4.643455376,1.782763886,3.110804965,41.12,1612,5.619538269,24.20194702,11.84095448,3.056158802,29.0616809,567696,16831,366,Suburban,6.447112539,217.455885,MD
150,MD-504,18.66506833,6.72317943,26.8381637,3.834887121,1.175574952,2.765433847,40.38,1690,5.38307384,21.2550679,7.453071528,2.638820089,28.82912025,315327,8257,168,Suburban,5.327802567,203.4637277,MD
151,MD-505,28.37142426,5.254070382,34.28173326,5.213292652,2.289454257,4.641865311,45,1263,6.674470044,28.54052085,6.805381969,4.438057917,29.58477571,827625,35811,758,Suburban,9.158737351,211.6668063,MD
152,MD-506,3.361349554,3.361946491,17.83622829,3.505636212,1.478908189,3.629445823,39.92,1147,5.180102916,21.04383788,8.476083856,2.542874039,32.74674371,167522,4171,173,Suburban,10.32700183,414.7686406,MD
153,MD-507,6.700352137,4.278314816,27.22989439,5.580916745,2.24207961,4.63850528,40.66,1110,8.469231462,23.49038722,9.088949744,4.451120686,31.83179375,102517,4504,129,Suburban,12.58327887,286.4120782,MD
154,MD-508,26.88379168,4.914178814,23.65173764,4.530902152,2.192855636,3.424480897,38.58898297,1548.72145,6.738708111,21.97700862,13.16287174,3.337081382,28.99712449,360284,11812,492,Suburban,13.65589368,416.5255672,MD
155,MD-509,9.392205158,9.198219518,25.1911821,4.580634398,1.881735135,3.334609704,40.67,1395,3.226343616,22.18587605,8.537763489,3.185832714,29.33690718,248472,7759,316,Suburban,12.71773077,407.268978,MD
156,MD-510,0.776143791,1.126770153,21.98293713,3.984899329,1.9879069,6.394433861,43.8,624,20.99542334,27.76443303,8.464359482,3.536585366,35.42347495,29376,1015,15,Rural,5.10620915,147.7832512,MD
157,MD-511,13.84687235,5.341662045,27.08804939,4.54292433,2.353373512,4.242246068,46.11466067,1102.22407,4.633920297,25.97530501,9.375161202,4.81047389,34.69044631,171295,8065,141,Rural,8.231413643,174.8295102,MD
158,MD-512,10.5486246,4.776017782,34.57324932,6.525973123,3.635615065,5.780108836,44.62,905,4.677114162,27.50608621,9.2283781,5.281742571,29.81890515,149811,7449,199,Suburban,13.28340376,267.149953,MD
159,MD-513,24.57807024,4.380603211,34.85640844,7.098660502,2.532056964,5.372865331,44.49405387,989.5706039,9.888066639,27.7669444,8.667200948,7.168256979,30.92108562,179473,12095,292,Rural,16.26985675,241.4220752,MD
160,MD-600,62.95439648,17.91785937,37.97551554,6.699379694,1.906757024,3.797001124,39.88,1434,5.908715276,28.49612594,7.975076369,4.195077243,27.63357397,906202,37167,478,Suburban,5.274762139,128.608712,MD
161,MD-601,18.2476664,19.25782568,34.56365959,4.918483928,1.506103012,2.993298706,46.24,1742,4.221422476,24.84529761,5.341334937,3.201139131,28.50904644,1040133,33025,840,Suburban,8.075890295,254.3527631,MD
162,ME-500,1.341598559,1.607202211,27.80045066,4.617639172,3.248915981,6.377355442,44.3424647,844.2384536,6.456389489,29.28674669,9.949301679,4.97151096,34.76556726,1332813,64480,2516,Rural,18.87736689,390.1985112,ME
163,MI-500,2.677594106,3.986123146,22.32866368,6.195249363,2.605895691,6.207544239,43.60443174,710.8261058,5.17588245,28.04996898,9.071240148,6.499463695,33.72829143,2358602.94,148972.2033,1343,Rural,5.694048699,90.15104635,MI
164,MI-503,11.42679209,2.556912366,27.01896435,5.736556236,2.01663601,5.893035926,42.55,943,4.497830351,28.89357145,7.275607878,4.359484504,30.78666611,868704,37491,270,Suburban,3.108078241,72.01728415,MI
165,MI-504,13.67861514,4.001861145,29.20939233,4.803852023,1.509795316,3.991541316,46.87,1043,5.227195735,29.68299884,5.729418754,3.684370116,31.09990622,1250843,45687,427,Suburban,3.413697802,93.46203515,MI
166,MI-505,19.83896854,3.370374804,30.49395732,9.80904576,4.112240826,8.451417305,46.5,755,6.039150354,30.31348093,7.372034877,8.829228746,30.73546332,409361,35722,438,Suburban,10.69960255,122.6135155,MI
167,MI-506,9.671766645,10.44547066,30.94642947,4.831587951,2.550201475,5.143038673,45.78,871,3.605728945,25.88991623,6.092661638,5.477293937,26.17797058,643140,34628,723,Urban,11.24172031,208.7905741,MI
168,MI-507,10.87268181,4.814334813,36.16901244,5.981805699,2.273147293,5.092939334,46.73,794,4.176568741,30.2249803,6.6842904,7.706358903,25.91743032,261573,19491,567,Urban,21.67654919,290.9034939,MI
169,MI-508,11.34308984,7.676458969,41.65400015,7.100092279,2.511240708,5.358801661,47.53655415,856.7441642,5.255621362,33.27858127,5.923733855,9.752249293,24.92247708,291382.1952,26601.90228,419,Urban,14.37973929,157.5075329,MI
170,MI-509,11.77693798,4.645030481,39.28963697,4.73267015,1.437130019,3.399186934,48.26,1083,3.563424857,29.6362599,4.555488052,8.081636661,25.44396807,365961,27980,282,Suburban,7.705739136,100.7862759,MI
171,MI-510,18.66032431,8.378030688,28.43047503,7.507053607,2.815074764,8.2188994,46.44,760,7.021355085,30.60217679,8.194409502,7.386528208,31.36094368,192778,13771,357,Suburban,18.51871064,259.2404328,MI
172,MI-511,2.680910697,7.904624571,22.61524776,5.060014121,2.378211501,4.732876354,41.7,763,3.743374558,28.70859714,8.191523779,4.610920149,32.06023925,98474,4306,117,Rural,11.88130877,271.7138876,MI
173,MI-512,0.809549065,2.80398888,19.11581836,5.291054928,2.259765876,4.7768106,44.57543214,860.7259015,10.25522042,27.17579292,9.610200894,4.335074804,36.39473822,171577,7302,235,Rural,13.69647447,321.8296357,MI
174,MI-513,2.393180355,1.494752604,29.02003618,6.175293149,1.993378162,5.857255009,43.07779728,698.2373084,6.071542299,30.68573574,10.76996959,7.567880654,32.07281993,76133,5357,70,Rural,9.194436053,130.6701512,MI
175,MI-514,10.64972151,5.119986912,30.52423638,7.008701441,2.452524274,6.979257906,44.35,738,9.76344086,32.2816303,9.667135036,6.557138703,30.2915827,134473,8569,236,Urban,17.54999145,275.4113666,MI
176,MI-515,2.373429348,3.514385534,19.91599049,4.901934262,1.955161187,4.804399534,41.28,813,5.879597095,26.8526797,8.863111035,4.276220356,32.81117442,149699,6338,209,Suburban,13.96134911,329.7570211,MI
177,MI-516,13.7058419,5.579538034,25.45451775,7.387691346,3.547752937,7.348481385,43.67,747,5.044760993,26.59900334,9.096400097,7.058632138,30.37915431,173043,11715,159,Suburban,9.188467606,135.7234315,MI
178,MI-517,7.983613675,3.475486587,26.60950467,6.810749911,2.559323133,6.311592324,44.39,763,7.934926959,29.39250519,8.519192961,5.84748155,31.32531637,158913,8700,81,Rural,5.097128618,93.10344828,MI
179,MI-518,0.591037871,2.37051814,14.77662265,4.216939315,1.22506322,3.616184321,40.2,1011,3.716492503,22.04130374,7.550861787,2.334782214,33.9586804,188482,4367,90,Suburban,4.774991776,206.0911381,MI
180,MI-519,1.491341905,9.606893758,21.54456096,3.866002297,1.606118047,3.561295251,41.41806238,863.2883832,3.858182056,21.17024482,6.167263838,4.194711491,26.47987395,291050.4341,11776.80328,226,Suburban,7.764977252,191.9026705,MI
181,MI-523,6.619027988,5.30713206,28.09416535,5.27616149,4.199143951,4.751070061,41.49,842,4.843926288,28.67312458,8.097246167,4.933450153,32.38147588,109155,5293,122,Suburban,11.17676698,230.4931041,MI
182,MN-500,13.05000979,6.901296502,37.58610142,4.169529078,4.550365857,4.405969699,48.72,1085,3.589707529,32.89133941,5.692066974,5.0948934,26.9463317,1235478,61798,3013,Urban,24.38732215,487.5562316,MN
183,MN-501,11.76820384,7.492063609,40.70474341,4.883604438,5.184891113,5.189674222,46.55,969,3.909675696,33.00871961,5.518709513,6.267373316,26.21622071,541493,33076,1424,Urban,26.2976622,430.5236425,MN
184,MN-502,2.89353402,5.580737845,25.85984413,3.578051127,2.562702173,3.644459856,42.82625588,777.960614,5.065666915,27.79394883,8.009241666,4.518119217,29.18345802,720991.069,31437.0223,497,Rural,6.89328927,158.0938536,MN
185,MN-503,5.061926837,5.274262455,21.27088584,3.383368657,2.368809798,3.125413243,40.73960409,1136.164969,3.244202359,22.63953734,7.128288024,2.422037878,28.65750814,1277929.931,30603.9777,625,Suburban,4.890721978,204.2218192,MN
186,MN-504,0.886483721,1.438837419,20.08901252,4.991556906,3.623551229,4.699119147,42.1766388,689.0895676,4.413817167,29.02178952,10.9397716,5.658040438,36.43855765,125101,6898,90,Rural,7.194187097,130.4726008,MN
187,MN-505,2.300373473,2.62028039,22.44743723,3.979784898,2.710698807,4.169920126,40.75628498,838.4650408,3.117378049,24.32322075,8.68190299,4.117202016,29.11369918,737402,29604,584,Rural,7.919696448,197.2706391,MN
188,MN-506,1.047826112,3.320460153,24.82142857,4.69596698,3.823789847,5.115112161,42.55517736,686.0540381,7.466506916,29.73878394,9.413125627,5.249989424,31.00229139,170639,8687,274,Rural,16.05729054,315.4138368,MN
189,MN-508,1.453698764,2.996728661,24.89060074,3.105771585,3.278952994,4.39613624,43.02368454,719.4658205,6.020903322,28.85014822,8.610744803,4.439756212,30.87962216,241797,10417,246,Rural,10.1738235,236.1524431,MN
190,MN-509,1.491403439,1.641343463,29.08901966,4.905839685,3.830974733,6.388071552,44.65,764,5.723263382,34.0339078,9.273094459,6.833839814,32.18662535,200080,13133,425,Rural,21.2415034,323.6122744,MN
191,MN-511,1.925504708,7.949082464,24.93055739,3.03042874,2.686877772,3.95756726,43.18592417,674.9680626,7.117541863,29.24790349,8.209189348,4.202867996,30.67857492,276447,11363,65,Rural,2.351264438,57.20320338,MN
192,MO-500,24.06286673,2.834029583,31.01918736,5.17389282,1.208533331,4.235194414,49.04,957,6.503428879,30.35334174,7.437954823,4.175955658,30.61629104,998684,40835,450,Suburban,4.505929804,110.1995837,MO
193,MO-501,46.92247641,3.971754698,56.62667758,8.288529129,2.410736535,7.50631875,50.81,810,7.898397063,44.54309209,6.624699159,11.61922955,26.83785616,311273,35157,949,Urban,30.48770693,269.9320192,MO
194,MO-503,3.950310352,3.123748582,20.01446362,3.561861679,1.207769356,3.831151452,40.0150398,984.2088012,7.054842293,22.76426005,8.518250843,3.61894387,28.99160715,479456,17009,532,Suburban,11.0959087,312.7755894,MO
195,MO-600,2.579201823,3.31340406,38.07248873,4.418463482,1.942155456,5.495171619,44.93410888,748.8901399,6.96695738,29.25236618,8.612092707,7.09030741,27.03938304,410786,28132,479,Urban,11.66057266,170.2687331,MO
196,MO-602,1.674368801,7.00405771,33.21832102,4.895033282,1.55784922,5.647943846,44.77786159,745.7752142,4.794950044,27.19868501,8.750816448,6.187702861,27.8916817,177440,10752,275,Rural,15.49819657,255.766369,MO
197,MO-603,5.540854985,5.456851726,33.81535039,4.653515427,2.463054187,5.840957072,43.41928505,733.1191502,9.801110912,30.66218701,8.948074137,6.596085345,28.97440421,119043,7333,204,Urban,17.1366649,278.1944634,MO
198,MO-604,20.6883348,11.65033476,40.25611793,5.237981963,2.44854363,5.027219073,45.16331966,886.4954905,6.497145818,32.5248705,7.924932827,6.696809553,27.19948005,1017008.916,67095.56343,1798,Urban,17.67929437,267.9759895,MO
199,MO-606,3.869090681,3.253896208,30.05428902,5.250453172,2.070634037,6.218637112,43.19894769,720.3247055,6.492311526,26.94150545,9.891815585,6.5105789,30.21877631,2740716.084,171596.4366,1345,Rural,4.907476581,78.38158104,MO
200,MS-500,49.46986588,2.248614382,32.97545215,7.016156608,2.481708383,6.786201815,45.61857862,881.6753339,7.961419633,28.01912059,6.559025437,7.467658893,27.34279444,572308,41424,446,Suburban,7.793006563,107.6670529,MS
201,MS-501,38.68730507,2.758662543,30.89586324,8.493782747,2.151289012,8.66460883,47.71207011,703.1031491,9.472372248,29.06494301,6.57816792,10.27789385,28.06076164,1927927,190872,560,Rural,2.904674295,29.33903349,MS
202,MS-503,19.8251069,5.002589417,33.92643703,8.714363046,2.104748452,6.322394871,44.92235254,835.801882,11.41700629,28.36140389,12.19849511,8.980968522,29.20657405,488527,42976,346,Rural,7.082515398,80.51005212,MS
203,MT-500,0.444452124,3.745589077,32.29538796,4.235182619,2.16638314,4.37340516,45.44376515,775.8563834,6.30233911,30.72323032,10.54048988,5.979592821,31.50963972,1041732,60777,1405,Rural,13.48715409,231.1729766,MT
204,NC-500,26.10792496,12.62551369,38.45792003,6.378308016,1.306200361,4.215154924,49.85,791,10.0536917,32.13416505,8.021200419,8.164740084,28.67027475,371573,29489,440,Urban,11.84154931,149.2081793,NC
205,NC-501,6.324811179,6.495359054,36.24980157,4.000861227,1.434267412,3.877937867,47.05,933,4.030541076,34.10680437,8.567320909,4.396189217,31.64606207,254474,10904,554,Suburban,21.77039698,508.0704329,NC
206,NC-502,37.03978046,13.44038478,46.22743916,5.157169453,1.240238489,4.026117106,47.5,1014,6.544116455,33.09435858,6.325756946,7.603968238,25.05147541,306457,22274,338,Urban,11.0292798,151.7464308,NC
207,NC-503,19.12757827,8.628852993,31.07884951,6.933907957,1.812064733,6.00275431,45.25698151,771.0495407,7.079380718,27.11899393,9.331205548,7.030866103,30.54732955,5107782,349549,2991,Rural,5.855770665,85.56740257,NC
208,NC-504,33.76452972,7.797059486,41.08005189,6.016142244,1.596203837,4.435434147,48.47,850,8.189753568,30.35944182,7.022212139,6.804952215,27.55728807,523582,34463,657,Urban,12.54817774,190.6392363,NC
209,NC-505,31.31524385,13.03264492,43.52589296,5.798239753,1.231334222,3.349060578,48.81,1099,5.876095943,30.51473686,6.017292306,5.674300156,23.91479199,1054314,58957,1668,Urban,15.82071375,282.9180589,NC
210,NC-506,13.00233351,5.42682347,32.82417997,6.36983911,1.805716037,4.515174382,47.49753084,942.855466,7.656897597,30.69658311,10.1131767,7.776297671,34.37874137,410111,31173,333,Suburban,8.119752945,106.8232124,NC
211,NC-507,20.31392431,10.06738279,36.09237435,4.303265898,1.129071084,2.832024748,44.46,1102,5.782921021,25.78527931,6.508550623,4.223112004,24.85041441,1046558,43254,983,Urban,9.39269491,227.2622185,NC
212,NC-509,14.9112441,6.000733834,31.24376654,7.201600706,2.622375298,6.227476429,46.17410418,764.056905,7.490336938,26.37801035,8.131725472,7.199013728,30.95512228,395185,28029,331,Suburban,8.375823981,118.0919762,NC
213,NC-511,36.887018,11.38973701,49.04676172,9.038637956,1.75296179,5.926795158,44.7,922,7.797822296,32.47520455,19.83479295,8.243343604,22.83096361,332106,26084,372,Urban,11.20124298,142.6161632,NC
214,NC-513,11.58334383,8.405042746,38.05516953,4.381574649,1.620057492,2.440556645,51.94,1077,4.333426626,28.40526186,5.014468174,7.990044693,26.83051393,142938,10530,152,Urban,10.63398117,144.3494777,NC
215,NC-516,2.448894293,5.308154115,28.35032881,6.048855747,1.514992232,5.660487554,47.03567387,677.9219783,9.202007711,28.62482625,7.103157215,9.449734972,33.06149783,210544,18844,449,Rural,21.32570864,238.2721291,NC
216,ND-500,2.718023507,3.526849871,37.33086061,2.833490898,2.037135245,2.988856886,45.35511439,788.2414355,9.417560564,31.38903091,8.127754805,5.477353909,26.50488367,752201,39838,542,Rural,7.205520865,136.0510066,ND
217,NE-500,1.235177478,10.4003124,29.94042351,3.21948453,1.739782969,4.075078024,42.69511376,688.444779,5.02557926,29.29812248,8.603425682,4.675524335,29.95625128,892442.1756,40397.44168,559,Rural,6.263711143,138.3750992,NE
218,NE-501,8.444498734,11.1280698,36.18171117,3.97705451,1.668486968,4.206941485,44.6081606,913.7779151,6.391990448,28.8162587,9.078628243,4.734248091,25.49023639,826846,38336,1411,Urban,17.06484642,368.0613523,NE
219,NH-500,0.963609945,2.306937541,26.8704016,3.884463302,2.576461594,4.776104837,43.40583041,1041.248169,4.258435087,26.29270382,9.368802454,3.562794603,34.33940817,932535,31995,742,Rural,7.956805911,231.9112361,NH
220,NJ-500,15.0142065,18.66730717,32.5790496,9.566118342,2.801529928,6.38704768,46.15,1094,7.11136396,27.56272904,6.170007187,5.700568002,31.84714325,268539,14984,437,Suburban,16.2732415,291.6444207,NJ
221,NJ-501,5.967425771,19.4117413,35.58561888,4.494841886,1.259722867,3.430313172,47.76,1454,3.609679962,23.58380956,3.820340097,3.164356673,30.63820499,929999,29098,354,Suburban,3.806455706,121.6578459,NJ
222,NJ-502,16.67484379,7.846906245,24.25496689,6.295129675,1.714845072,3.681055735,43.44,1299,5.216745568,25.0942621,8.507530203,3.396303731,31.24312505,446367,14753,840,Suburban,18.81859546,569.3757202,NJ
223,NJ-503,15.47682824,14.69314777,28.77906749,6.929227125,2.869535417,5.841619643,45.25195606,1090.65548,9.060624617,26.6762937,6.427374219,5.409393275,30.00428575,1045324,55175,999,Suburban,9.556845533,181.0602628,NJ
224,NJ-504,39.84500129,22.71310747,55.79748108,9.1686694,3.604930231,6.65942188,55.29,1143,6.771763655,30.75907427,3.127574467,7.199870822,26.5939979,793555,55736,2228,Suburban,28.0761888,399.7416392,NJ
225,NJ-506,12.4455791,43.18510509,68.53058971,6.052825923,2.853630559,5.127452247,50.49,1340,4.5171925,28.01169797,2.293367097,7.149936823,23.2638032,668631,47250,860,Suburban,12.86210182,182.010582,NJ
226,NJ-507,10.20227459,20.75921316,36.66767544,5.640792964,1.607817745,3.882128555,43.19,1432,3.805042938,22.43977282,3.825880005,3.830227613,27.99885811,826698,30497,597,Suburban,7.221500475,195.7569597,NJ
227,NJ-508,7.05163887,10.67202236,26.31844497,5.19998199,1.414436834,4.116746624,47.29,1372,3.939797055,25.98450448,5.320614819,3.387640086,33.13222765,623387,20918,335,Suburban,5.373868881,160.1491538,NJ
228,NJ-509,3.358731995,13.10016728,25.5926057,4.715069711,1.266473554,2.433995224,45.79,1476,5.399659864,23.67161242,4.860249731,2.129363779,31.76262129,494383,10368,398,Suburban,8.050438628,383.8734568,NJ
229,NJ-510,3.072107092,9.116479908,20.01642473,5.892545115,1.740134061,3.966795401,45.06,1422,3.284500064,28.76414969,8.347546437,4.470090777,31.42857626,591939,26133,354,Suburban,5.980345948,135.4609115,NJ
230,NJ-511,11.39530316,40.88953081,47.04710698,5.015268875,2.477546282,4.552453107,47.32,1273,3.699643738,23.1942323,3.49147567,7.040721137,27.23865717,504041,34945,434,Suburban,8.610410661,124.1951638,NJ
231,NJ-512,13.18839207,8.644372869,29.50895098,7.336784948,3.44654509,6.696503263,44.69,1016,6.663175808,28.66822821,7.700230219,5.88405984,32.38126816,63336,3650,49,Suburban,7.736516357,134.2465753,NJ
232,NJ-513,9.647279027,14.45562367,24.36673162,4.477488596,1.19560387,2.739035313,45.66,1552,5.450557957,23.30273818,3.819664561,2.192830754,30.9474341,330176,7164,218,Suburban,6.602539252,304.2992741,NJ
233,NJ-514,20.65722607,17.1847967,36.14223126,6.756310499,2.207541213,4.362723584,49.99,1233,5.296069167,27.36288528,4.350528922,5.399389198,28.35758565,368762,19041,479,Suburban,12.9894078,251.5624179,NJ
234,NJ-515,21.16908289,31.05325585,41.11288078,6.307829301,2.40545646,4.28442168,49.73,1248,3.819790551,24.27891866,3.538666585,4.151916797,27.87189956,553066,22695,478,Suburban,8.642729801,210.6190791,NJ
235,NJ-516,3.034455441,7.617452,20.34730885,5.303004812,1.513838087,3.160877011,42.01215642,1261.72376,5.209925526,24.2693335,6.319973902,2.684902505,35.43927075,373642,9841,338,Suburban,9.046092249,343.4610304,NJ
236,NM-501,1.790417294,48.11429551,30.68423897,7.550834923,3.049167086,6.664093235,46.77018735,817.989568,9.029157193,29.59141611,9.374789518,9.184163201,29.24065148,1565351.828,140551.874,1211,Rural,7.736279976,86.16035953,NM
237,NV-500,11.47880017,30.91562561,46.86569769,7.238026381,3.004216398,4.282808606,46.14,1088,8.860208528,28.49207114,8.818233888,6.592537626,26.99304343,2141574,139394,6083,Urban,28.40434185,436.3889407,NV
238,NV-501,2.29307903,24.17877581,41.96315979,5.627895696,3.045059449,3.270807062,45.81,1000,4.889029402,29.10736804,9.274502816,5.713104644,29.83178168,450486,25430,1192,Urban,26.46031175,468.7377114,NV
239,NV-502,1.501259111,18.31802146,31.42683975,6.597799414,2.784171116,4.415239673,41.29131247,888.1764146,6.178765612,28.49306451,12.50998877,5.848707226,34.49419418,330789,18825,269,Rural,8.132072106,142.8950863,NV
240,NY-500,15.25539874,8.549703862,36.2494847,5.899891811,4.081836195,6.404340483,46.46,902,6.795847635,32.02469448,6.006759394,7.194562343,29.89756103,744248,51802,835,Suburban,11.21937849,161.1906876,NY
241,NY-501,3.047584815,2.389671075,28.12188134,5.509744097,3.098541673,7.338312462,43.49512133,736.4488576,6.632116174,29.54318643,9.554238139,6.806081058,32.19541001,311591,19967,233,Rural,7.477751283,116.6925427,NY
242,NY-503,12.49308777,5.830671446,43.45359025,4.838603995,2.208589931,4.944130531,45.92,993,4.584497921,35.64853025,6.106237563,6.097055022,29.05739918,307426,17782,835,Suburban,27.16100785,469.5759757,NY
243,NY-504,1.605179826,2.06600932,28.55279483,6.321422599,2.869595648,8.452899819,42.56,639,6.361607143,30.64295486,10.3116072,6.211659503,32.68156425,77686,4668,33,Rural,4.247869629,70.6940874,NY
244,NY-505,8.707317147,4.156748042,33.04058089,6.229674368,3.60926107,5.945828753,45.36219412,823.6031481,7.308655835,29.60932953,7.613218623,7.309379513,30.66480746,661214,46205,722,Suburban,10.91930903,156.260145,NY
245,NY-507,10.30778071,6.912960105,33.47405948,6.599713056,3.944084811,6.852425181,44.11,922,7.203389831,34.50417488,7.03317004,4.622912992,29.817346,154883,6972,393,Suburban,25.37399198,563.6833046,NY
246,NY-508,11.34273332,4.764059194,33.1125548,4.912535584,3.106650782,5.947469798,45.59750663,774.7470003,5.82177654,33.01224336,7.709755734,6.592700245,31.48070801,1267192.405,81100.96388,957,Suburban,7.552128595,118.0010636,NY
247,NY-510,4.149103553,5.007672734,44.69562122,4.627239599,2.456390174,3.61847124,48.87,1107,3.442648839,32.56878401,4.719178082,12.54887462,25.10149375,102962,11201,91,Rural,8.838212156,81.24274618,NY
248,NY-511,3.313482803,3.395831837,30.29421922,6.067538828,3.735392088,6.885910676,44.51365114,753.6524916,7.237422771,30.30925883,8.198808174,7.137930546,32.16750736,445664,30219,244,Rural,5.474976664,80.74390284,NY
249,NY-512,6.422213999,4.798314004,36.94840698,5.10660731,2.011988291,5.142264145,43.17,945,3.617148554,30.79008101,7.600812301,5.909262465,31.07613952,159431,9081,178,Suburban,11.16470448,196.0136549,NY
250,NY-513,2.821322644,4.094264644,24.98911371,4.707803356,2.363050483,5.396696374,43.81277251,806.8409611,6.526848027,28.63723014,8.612589582,4.76097561,33.59005036,259949,11956,182,Rural,7.001373346,152.2248244,NY
251,NY-514,2.565249584,7.392638983,29.99695655,6.85986001,4.401582591,7.129270334,44.7,649,6.294797688,31.70889447,8.225916205,7.961891251,32.5746591,129656,9878,145,Rural,11.18343925,146.7908483,NY
252,NY-516,4.30106196,2.859123202,32.26946966,4.776994375,3.717152413,7.768752986,42.16,796,3.457697381,27.5075649,8.889392223,8.097487506,30.71515212,80794,5914,197,Rural,24.38299874,333.1078796,NY
253,NY-518,5.140870776,4.751845418,30.7990193,5.312147556,3.742684049,6.10574985,44.97160848,757.9851119,5.850563048,30.42936704,8.589838574,7.019303629,31.35461524,305216.1933,20199.72222,178,Rural,5.831931723,88.12002365,NY
254,NY-519,5.181690868,5.141151323,27.09631728,4.809473785,2.514164306,5.247875354,45.42339334,920.0319802,6.000324781,32.06090652,8.367050408,5.603552295,36.74172625,108536,5805,196,Rural,18.05852436,337.6399655,NY
255,NY-520,4.692287688,3.269902649,26.13797699,6.508949494,3.630516037,6.716309796,44.10900422,744.6839886,5.20195203,29.4323878,8.443132854,7.281735137,33.41700304,88443,5835,42,Rural,4.748821275,71.97943445,NY
256,NY-522,3.885531957,4.575929804,34.43652945,6.952731034,3.826514531,6.703229738,42.73892863,843.9802931,6.606614981,27.62928408,10.81114813,6.909094047,27.43643434,250725,16013,96,Rural,3.828896201,59.95128958,NY
257,NY-523,1.918718249,2.892033719,28.08504251,4.291575796,1.691434342,4.188671006,42.19510213,1006.958547,5.16978296,28.27949946,8.883333275,3.168580482,33.55607659,358260,11090,257,Suburban,7.173561101,231.7403066,NY
258,NY-600,24.27152605,29.10019561,67.34919564,6.920078062,4.371670805,7.902310102,51.33303907,1434.408352,3.416238314,32.19948746,2.344835232,8.231789843,26.00451958,8443713,683635,78676,Urban,93.17701821,1150.84804,NY
259,NY-601,10.49017673,11.89884788,31.24260576,5.868438764,2.079238358,4.804978248,44.53,1194,5.355401376,27.07853969,6.284398826,3.98172818,32.15445024,293894,11044,399,Suburban,13.57632344,361.2821442,NY
260,NY-602,10.80012797,20.01575773,31.9539976,4.925200254,2.121063924,5.189468038,43.8,1223,4.865028673,25.1325172,7.121563312,5.305149922,27.85099953,378227,19549,480,Suburban,12.69079151,245.5368561,NY
261,NY-603,9.68857061,17.82043372,19.63582139,4.513834822,1.572686819,3.739804477,44.93106297,1717.076543,5.158764636,21.12409453,4.908297493,3.069574593,31.09762293,2844465,85863,3868,Suburban,13.59833923,450.4850751,NY
262,NY-604,14.66344583,24.24830337,38.63819506,5.831802281,1.782238042,3.956740721,54.01128875,1492.646259,4.896967553,26.66624838,3.887510813,4.29462902,29.63952505,972058.9326,40752.53217,1827,Suburban,18.79515674,448.3157003,NY
263,NY-606,12.26960696,17.41904191,31.32243388,5.47675611,1.909904505,4.314784261,46.08,1463,3.658684083,21.09094545,3.758719175,6.819242613,27.23009336,323686,21769,180,Suburban,5.560944866,82.6863889,NY
264,NY-607,8.37244552,15.73705974,32.33416995,7.743729461,1.484403012,5.657941915,46.33,876,10.86998832,29.99282897,7.698548177,6.268681387,33.87935275,75211,4551,189,Rural,25.12930289,415.2933421,NY
265,NY-608,5.920146344,10.02548758,31.24002358,6.189971446,3.109046722,4.183264068,46.2,1086,5.297012606,30.7812882,6.158877231,6.897416604,34.14109078,179303,11825,464,Rural,25.87798308,392.3890063,NY
266,OH-500,25.60135446,3.175844007,42.15503028,6.093469942,3.659992635,6.228910395,50.18252019,779.2356683,6.037574,35.00629579,6.550736225,7.888877096,28.19882175,815663.9082,62939.16716,1114,Suburban,13.65758603,176.9963046,OH
267,OH-501,18.90355452,6.986925822,40.02624745,7.500900551,3.172590959,7.428028928,48.8,723,6.375791149,33.33482255,7.169245499,9.003882208,29.2722357,432379,38036,662,Urban,15.31064182,174.045641,OH
268,OH-502,29.61421554,5.781861774,41.55099706,8.262981471,3.222284325,7.274975814,51.24,790,6.824984134,37.68975231,6.837223083,8.529623821,30.62021099,1253783,104699,1808,Suburban,14.42035823,172.685508,OH
269,OH-503,21.67469348,5.313993096,45.95807753,5.165102396,2.288723412,5.079697622,46.45799124,941.5057275,5.124926831,31.67307436,6.723489771,7.445949163,24.48977729,1316479.686,95739.6528,1807,Urban,13.72599987,188.7410229,OH
270,OH-504,15.08629644,5.837776547,31.31297679,8.006911432,3.51242198,7.036062497,47.36,670,6.78905127,33.84224697,8.759651199,7.314197939,33.00514143,231064,16380,180,Urban,7.79004951,109.8901099,OH
271,OH-505,20.42047711,2.84390298,38.89970662,7.127799175,2.831075303,6.580675527,46.66885005,777.0247466,6.533964248,33.60088511,9.994729777,7.699470608,29.82764889,536209.7263,39961.51411,680,Suburban,12.6816051,170.1637226,OH
272,OH-506,14.40578801,2.06123918,34.28571429,5.645500755,5.143837601,5.612674644,46.87,806,5.446495901,32.09394567,7.602951008,6.113605984,31.26963327,541810,32564,587,Suburban,10.83405622,180.2604103,OH
273,OH-507,3.927273964,3.018456596,27.83063776,5.113711861,2.554015907,5.703015854,43.32856997,768.6585529,5.269668195,26.87800765,8.715385495,5.692805245,30.84069636,6141014.68,338504.6659,3133,Rural,5.10176276,92.55411565,OH
274,OH-508,7.361135283,2.006292255,31.72572372,6.010926089,6.323657541,5.969904814,43.83,728,3.41415912,29.29989715,8.924806987,6.017912713,31.78445679,373475,21891,278,Suburban,7.44360399,126.9928281,OH
275,OK-500,3.874523505,6.239967688,33.99728147,5.085146035,2.607299095,4.59638344,46.35656375,761.81124,7.227370262,28.91414455,8.391171366,8.679283328,27.52678667,314581.3375,26145.35927,181,Rural,5.753678888,69.22834686,OK
276,OK-501,9.68223413,11.86380435,39.61496972,5.46645071,2.426437604,5.015289284,47.77679599,842.1343218,8.363729737,29.84314699,8.093550521,6.656593686,26.45689602,696577.7432,45655.9651,1083,Urban,15.54743904,237.2088724,OK
277,OK-502,12.75912951,15.35447704,39.38066881,4.787531986,2.984412216,4.683584857,47.44996578,866.1929745,8.260872621,29.58580701,9.00753369,6.724443577,25.39404778,637120.0598,41857.03697,1183,Urban,18.56792895,282.6287013,OK
278,OK-503,8.20753626,13.19171159,33.16024872,4.856269292,2.845539383,4.911957073,45.84234084,790.6858603,7.982668938,27.90484063,8.870149494,6.34138367,26.91280302,672272.9641,41344.51175,233,Rural,3.465854086,56.35572658,OK
279,OK-505,1.595928138,5.035087764,26.62696161,5.999621915,2.739039999,6.574343412,44.07356076,728.4667706,7.203406333,25.32423719,9.749152894,6.703528333,30.28010738,443201.9193,29116.67563,392,Rural,8.84472704,134.6307542,OK
280,OK-506,7.117583183,11.44314133,33.1489203,5.67969891,2.84348622,6.70124411,44.31091992,718.3341935,9.25181607,26.8822672,12.39004462,6.695447086,27.54203796,406121,25947,191,Rural,4.703031855,73.61159286,OK
281,OK-507,4.955542186,6.042403872,30.3519751,6.39938829,3.747730294,8.139841668,46.09633925,655.732463,8.73802456,28.17351372,9.536418275,7.764281125,29.88704939,539907.9029,40341.11346,244,Rural,4.519289284,60.48420063,OK
282,OR-500,1.059959553,8.671065544,41.34832206,7.102971228,3.593314763,5.709643189,46.37,954,3.404203398,29.34871999,9.30473353,8.676904853,30.69463948,368882,31352,1641,Urban,44.48577052,523.4115846,OR
283,OR-501,5.43381494,11.41054809,45.82660389,5.572794116,4.434912786,4.904524673,47.66,1172,3.68974102,32.33830691,5.907870949,7.032066222,25.86787404,798647,55125,4019,Urban,50.32260811,729.0702948,OR
284,OR-502,0.617920632,12.53949512,36.95047874,6.511767052,3.658327328,5.112277932,46.56,954,2.403428332,28.38692703,10.95817706,6.525861012,33.04801953,214267,13836,732,Suburban,34.16298357,529.0546401,OR
285,OR-503,0.589509995,9.071289581,33.44852958,5.861129716,2.339970123,3.717865822,44.06891314,1071.512299,2.586458367,24.6683463,10.04405188,4.75997054,33.34689545,226120,10664,787,Rural,34.80452857,737.9969992,OR
286,OR-505,0.836238528,14.9729753,35.81670336,6.81673498,4.318383172,5.832755853,44.11520442,881.9690652,4.588419,27.10274471,10.89420606,6.952746797,31.44512513,1486418,100435,6392,Rural,43.00270852,636.4315229,OR
287,OR-506,2.000959058,16.54116988,38.86617985,5.00767962,2.452576591,2.965262093,42.68,1270,2.597283931,24.07358654,7.262743403,4.003165188,25.6920943,581821,23069,522,Suburban,8.971831543,226.2776887,OR
288,OR-507,0.924867172,8.541159423,29.46814533,4.677202516,2.850967476,3.606165089,44.64,1205,3.427853929,23.91094586,8.730241412,3.841232057,31.88462941,405788,15459,383,Suburban,9.438425976,247.7521185,OR
289,PA-500,42.27468737,14.45305112,47.02275471,10.19872976,6.510664483,10.48609733,51.55,1007,6.786365604,37.91095165,4.851532037,11.6711277,25.02910147,1575522,178820,5788,Urban,36.73703065,323.677441,PA
290,PA-501,19.19421525,8.902974337,36.78324559,4.989881629,3.426632284,5.632856989,44.89,922,5.76285052,30.72149995,8.250798684,6.232743956,30.38631769,274515,16818,445,Suburban,16.21040745,264.5974551,PA
291,PA-502,21.43340071,3.672761021,30.87473656,5.985413356,2.545965456,5.132143117,48.2,1055,6.102552109,28.36171604,6.283096234,4.748307992,29.39628447,563527,25776,414,Suburban,7.346586765,160.6145251,PA
292,PA-503,4.613947226,11.03389916,31.43673763,6.262049001,3.68360223,6.372311681,44.78,767,6.61589828,31.36567386,8.65157889,6.741334414,31.78801072,317884,20633,165,Suburban,5.190572662,79.96898173,PA
293,PA-504,9.079375284,5.011804442,28.19406974,4.619780812,1.628926991,2.968635033,46.67,1253,5.904353673,25.81056159,6.36825032,2.879362547,30.57320032,821301,23033,291,Suburban,3.543158964,126.340468,PA
294,PA-505,5.937473412,7.320421691,24.76001097,4.356723076,1.466306595,2.820794126,45.72,1287,4.953057294,23.12439343,6.548165744,3.196023713,30.46991623,517156,16114,579,Suburban,11.19584806,359.3148815,PA
295,PA-506,5.217668886,20.34072417,28.32449649,6.655025045,2.704784841,5.872451721,43.93,918,7.854462052,25.21833142,7.342606354,5.808043889,29.84744697,416642,23439,562,Suburban,13.48879854,239.7713213,PA
296,PA-508,2.839861152,7.127318471,35.00023087,4.766238418,3.330331994,5.842221914,46.11,779,4.477750596,32.85196472,8.337342242,7.223538433,31.62342637,211454,14696,159,Suburban,7.519365914,108.1927055,PA
297,PA-509,4.208526254,7.621896288,28.11618555,5.409899738,2.806277529,5.22060342,43.03638364,862.8619319,5.127731389,27.50793897,8.845336304,5.298060974,31.76189793,3102535,157314,1998,Rural,6.439895118,127.0071322,PA
298,PA-510,4.277538465,10.25602446,31.97424571,3.986518436,2.857085683,4.605055806,42.74,978,3.417907318,24.01232684,7.217593631,4.281036181,28.80929958,538347,22512,406,Suburban,7.541604207,180.3482587,PA
299,PA-511,4.001788081,5.146798218,23.45197424,4.524462133,1.676615427,3.254655978,44.8,1207,4.917617237,24.28649061,6.934385374,2.878369436,33.58605936,626370,17791,397,Suburban,6.33810687,223.1465348,PA
300,PA-512,5.808375412,7.213286068,25.29957254,5.031352579,2.59220761,4.922216253,41.85,937,4.559488607,24.49604074,8.818293574,4.502673944,31.02289567,444014,19567,324,Suburban,7.29706721,165.5849134,PA
301,PA-600,12.88316126,2.033762497,35.27399807,5.286755317,3.130530151,5.440739088,48.69,865,5.2524042,36.22908766,7.640965308,5.713432931,30.98115883,1225561,68146,783,Suburban,6.388910874,114.900361,PA
302,PA-601,2.559170346,1.377893591,24.79026032,5.426573931,3.252787446,6.469904639,44.16835141,697.0023998,6.131194952,28.98109052,9.409538333,5.120439575,34.003916,1713485,84485,748,Rural,4.365372326,88.53642658,PA
303,PA-603,5.898283961,1.522505033,26.73793016,5.084329171,2.921614866,6.593049691,42.48,682,8.025162028,30.36559018,9.403804741,4.561946041,34.42742786,166896,7494,117,Suburban,7.010353753,156.1248999,PA
304,PA-605,7.272839274,4.11889612,34.19990913,5.897534783,3.983643798,8.010904134,45.78,737,7.65607168,30.19900045,9.229308948,7.227122402,30.30561071,275972,19034,336,Suburban,12.1751482,176.5262162,PA
305,RI-500,6.554351601,15.03467217,39.74834808,6.130134003,3.837570123,7.31299512,47.07101897,1003.760871,5.697019811,30.82638695,6.814057399,5.524940725,30.25976447,1056611,56135,1101,Suburban,10.42010731,196.1343191,RI
306,SC-500,26.00732101,6.578885882,32.49240904,5.363298572,1.26009984,3.899696361,46.57844421,1084.445188,8.405716486,28.79625341,11.51175356,6.075620598,29.83070153,1027180,60820,451,Suburban,4.390661812,74.15323907,SC
307,SC-501,18.79950143,6.37962119,31.34468773,5.779012693,1.335210247,4.978815036,46.51041901,783.790605,7.028497343,28.07756903,8.308623491,7.01547673,29.7988115,1498694,102172,1185,Suburban,7.906884261,115.980895,SC
308,SC-502,31.6992552,4.985429338,30.45311036,6.723355735,1.46445547,4.950733789,45.93866922,859.3206384,6.820849659,28.91076571,9.474606603,7.460507392,29.15471688,1515717,109298,1205,Suburban,7.950032889,110.2490439,SC
309,SC-503,33.90445942,4.039224178,30.26214785,8.38885693,1.497023667,7.400481949,46.65747795,780.7257939,17.71028073,28.845824,9.692865335,8.295600736,33.3704095,914334,73962,1092,Rural,11.94311925,147.6433844,SC
310,SD-500,1.879116823,3.701886753,31.8911481,3.5405479,2.293853293,4.111955265,44.01091369,715.6408967,6.08704474,29.99194882,9.135417534,6.255202588,28.41179281,864289,52226,1159,Rural,13.40986638,221.9201164,SD
311,TN-500,11.77762615,4.769322339,32.43548207,5.968471539,2.55949056,5.870852419,47.5636718,771.120279,7.94104455,30.36234313,8.22419014,6.560430898,30.72818071,688840,43775,623,Rural,9.044190233,142.318675,TN
312,TN-501,53.53514656,6.247245212,44.64711928,7.736486342,1.849768743,6.863187347,51.06,922,8.957911707,31.87803346,7.299201181,9.540448455,26.64724308,937005,87700,1226,Urban,13.08424181,139.7947548,TN
313,TN-502,8.836327367,4.116093252,35.4711485,4.819555086,1.836699069,4.835313499,48.36,864,6.090409372,30.10506333,8.074909496,7.118821489,28.06821794,456185,31691,743,Suburban,16.28725188,234.4514215,TN
314,TN-503,8.297414534,5.570051118,28.05458742,5.0671615,2.276281085,4.982573474,43.70529945,957.1512004,6.627757367,22.52331387,9.796543874,5.109047609,28.24860166,1162808,58459,268,Rural,2.304765705,45.84409586,TN
315,TN-504,27.36613271,10.18015634,45.88075695,4.616210139,3.185284074,4.500491179,48.44,1036,5.857196251,33.5286053,5.772207696,6.746658786,24.59237124,684017,44746,2298,Urban,33.59565625,513.5654584,TN
316,TN-506,2.878538754,3.82585065,26.26520157,5.704666462,2.241673678,6.257383562,45.14049719,720.0888652,6.090837513,26.32241602,9.024692213,7.013817746,32.24166719,574514.3921,39331.08674,258,Rural,4.490749118,65.59696702,TN
317,TN-507,18.72813274,2.920789849,30.45512,7.22101182,2.343871914,7.273103212,46.06719036,680.4899887,6.952115709,27.33177803,8.746737553,7.889360095,31.42413094,665950,50545,1026,Rural,15.40656205,202.9874369,TN
318,TN-509,2.404785132,2.393354421,29.5106388,5.926377011,2.42854093,6.464881277,47.54035995,651.1856742,4.196172177,30.14351116,10.10428572,7.332934047,33.12738345,507405,36118,360,Rural,7.094924173,99.67329309,TN
319,TN-510,14.3360423,7.781771769,34.52698505,4.837167578,1.699126685,3.147951913,40.84,996,4.469287653,21.43640151,7.8849496,4.962045784,23.20791331,307128,14976,283,Suburban,9.214399208,188.9690171,TN
320,TN-512,1.987507942,4.549651059,28.21807919,6.637960787,2.647085456,7.108551867,45.61420506,703.0447563,9.450858935,26.37765815,9.452797797,6.691171753,33.35623063,667236.6079,43750.91326,798,Rural,11.95977545,182.3961926,TN
321,TX-500,7.622074504,59.67456381,40.91707976,5.744281483,1.686632137,6.018205318,46.8452726,981.2368401,7.872960601,27.3782499,10.68954121,6.732300999,23.43819824,1954302.167,129290.6908,3066,Urban,15.68846441,237.1400433,TX
322,TX-503,8.199241437,33.29267606,46.92632322,4.047183524,1.152291912,2.642858841,47.96182564,1232.987702,6.367871685,30.78796238,5.703325287,6.192230533,22.3402034,1282325.692,77875.1371,2147,Urban,16.74301632,275.697749,TX
323,TX-600,18.50005524,32.53871693,45.08169526,4.847859806,1.365465059,3.674104909,47.89006303,1116.392907,6.983615275,26.40561528,5.368981763,5.487642331,23.57504132,3769934.137,204762.1483,4121,Urban,10.93122545,201.2579002,TX
324,TX-601,15.10776235,27.38384547,38.2852569,4.992577143,1.469982173,4.191715858,45.87545379,1044.769048,8.270897129,24.30733084,7.584152976,5.204711113,24.79593863,2135003.496,109698.3346,2015,Urban,9.437923658,183.6855597,TX
325,TX-603,3.429100798,82.39547594,38.57611657,6.62846627,2.363354458,6.717120019,46.34,812,9.973819049,23.2801704,8.195401986,7.787112529,22.46643602,837654,64030,892,Urban,10.64878816,139.3096986,TX
326,TX-604,13.98642106,24.08869074,36.29240798,5.143733462,1.794645484,6.224741023,46.6446737,795.8711187,5.43890866,26.25849708,8.549765034,8.308048719,26.88393342,362473,28833,188,Rural,5.186593208,65.20306593,TX
327,TX-607,8.240418964,39.5763688,32.17747178,5.60352759,1.448764379,5.536895557,45.58184444,894.5533844,7.780781246,23.89237731,8.227635775,7.224276851,25.78145697,10796071,754190.1647,7638,Rural,7.074796007,101.2741926,TX
328,TX-611,6.82610744,30.4941086,38.05378879,3.572616745,1.196561269,4.587687819,45.5374791,833.0297785,8.99289484,28.72579213,8.142455262,5.589951453,25.05236482,190017.7659,10175.50091,665,Urban,34.99672764,653.5304809,TX
329,TX-624,5.672068924,18.46577901,30.44089247,5.424473515,1.863006944,6.039363931,45.08845355,787.4326124,8.88705127,27.43066113,10.19765478,6.763636598,28.94625859,331960,21004,238,Rural,7.169538499,113.3117501,TX
330,TX-700,17.87145708,38.4888847,41.08254389,5.812289234,1.354130702,4.04733284,48.82633072,1085.494946,8.047676171,24.33034262,5.114480559,6.093110956,23.5647499,5887987.742,355381.0236,4143,Urban,7.036359757,116.5791003,TX
331,TX-701,11.42663261,24.12657868,43.77550936,4.669388167,1.361878979,4.320757685,49.73875727,855.7036146,7.350529552,27.91479357,6.155739995,11.9278607,22.46004042,337466,37401,197,Urban,5.837625124,52.67238844,TX
332,UT-500,1.826647697,18.09302664,33.28297764,3.788002569,1.548880381,3.548625616,43.59060353,1067.654823,4.904919746,22.73270499,5.100393063,4.408066539,21.69788687,1126204.157,49003.7965,1804,Suburban,16.01841007,368.1347423,UT
333,UT-503,0.89773259,11.23879814,26.62517135,4.196907861,1.668984356,4.04988362,40.24366649,898.7180665,6.983727735,19.06256274,7.449929095,4.616841512,22.21886181,1263071,57480,899,Suburban,7.117572963,156.4022269,UT
334,UT-504,0.602251061,11.64571126,31.52016956,3.564072253,1.295257875,2.996813151,42.13356724,1028.532991,4.6220732,12.78264814,3.84406459,4.889537112,16.15493982,656074.8434,31355.2035,173,Suburban,2.636894277,55.17425521,UT
335,VA-500,28.20605345,6.236951959,34.45902202,5.322414324,1.592525381,4.559566433,44.89368119,1124.773898,4.48159381,29.13262053,8.355003233,5.804838176,29.25474531,1072479,60861,609,Suburban,5.678432864,100.0640804,VA
336,VA-501,36.06804662,6.091224291,39.83908496,6.691312746,2.602039707,4.916606867,44.6252615,1112.590547,6.066627466,26.54750256,15.67976396,6.386531376,26.5658312,635094,38325,773,Suburban,12.17142659,201.6960209,VA
337,VA-502,13.78532415,3.804250052,33.29908219,5.076405076,3.461397795,6.389870949,44.43101477,855.9849276,8.194348889,31.50612167,9.18443255,5.917827478,32.01607622,277926,15995,317,Suburban,11.4059138,198.1869334,VA
338,VA-503,19.04539749,8.00715341,35.91706539,4.850268859,1.675822553,3.491050859,41.72,1339,4.861270702,24.24006143,17.49194841,3.782464981,26.56802959,450135,16604,243,Urban,5.398380486,146.350277,VA
339,VA-504,12.43656757,4.939405731,34.47492846,4.05529592,1.72224296,3.781469039,47.68503653,1109.893133,4.664257501,27.47708515,8.328990097,6.799693146,30.36533069,249281,16132,183,Rural,7.341113041,113.4391272,VA
340,VA-505,33.56094942,6.82703724,41.04754109,6.363982006,1.941925339,4.784804946,43.0293875,1142.302935,9.559441539,29.3125175,16.62348829,6.336643493,28.19934131,484295,29359,439,Urban,9.064722948,149.5282537,VA
341,VA-507,52.657091,4.308002224,45.68287132,9.236842105,3.090126402,5.533163335,42.42,1027,7.157318741,33.94477804,16.09079807,9.053677715,26.96855557,95311,8290,135,Urban,14.16415734,162.8468034,VA
342,VA-508,17.19121641,2.739116424,29.48361579,4.830849857,2.710942404,4.893843839,44.33692636,808.899911,4.854612038,27.16621335,9.183531589,7.098455419,30.81851244,260668,17597,112,Rural,4.296653214,63.64721259,VA
343,VA-513,4.260818538,9.143114483,32.08252399,4.370064657,1.630466773,4.338836894,42.56565192,949.387797,5.262259036,26.11763494,8.367434212,6.046789893,29.33635384,366385,21326,304,Rural,8.297282913,142.5490012,VA
344,VA-514,18.0574886,9.949523151,26.26678054,4.715458489,1.407119344,3.320038806,38.90332808,1408.588935,6.13717357,19.27430121,16.05871345,2.807653184,26.95858231,359967,9826,200,Suburban,5.556064862,203.5416243,VA
345,VA-521,17.07073703,3.612057007,29.18405684,5.785250077,2.747083339,6.734527822,44.79747673,799.6869318,6.179532992,29.23429094,9.257679716,7.367502105,33.14991741,1692692,118994,718,Rural,4.241764007,60.33917677,VA
346,VA-600,8.963214454,15.608081,56.54532259,2.936157733,1.001757134,1.533672027,43.55,1936,4.698349143,39.03128462,6.652109075,3.495421466,22.00359788,231803,7997,221,Urban,9.533957714,276.3536326,VA
347,VA-601,9.547077728,16.17412678,31.99097638,4.173501721,0.914363815,2.355840122,42.55287731,1852.076737,3.975734883,22.52989502,8.614293967,2.904909878,27.75275697,1181461,34009,987,Suburban,8.354063317,290.2172954,VA
348,VA-602,7.460865185,13.53237629,22.18196618,3.48943559,1.062972332,1.618399317,38.59,1813,3.481404959,17.10012848,7.872898293,1.781972018,22.63185362,385143,6828,134,Suburban,3.479227196,196.2507323,VA
349,VA-603,21.88172902,16.7707102,57.14571514,3.262793692,1.398991126,1.919147173,44.43,1702,4.004044014,41.71108475,8.64406239,4.957969109,24.09954954,156505,7691,226,Urban,14.44043321,293.8499545,VA
350,VA-604,20.01752719,24.53651077,27.68223494,4.837477813,1.745732232,2.386530571,38.13066153,1658.49943,5.373558416,18.7693126,12.22450723,3.171953912,23.8237643,514629,16135,374,Suburban,7.267371252,231.7942361,VA
351,VT-500,0.854350057,1.726413566,26.67710323,4.176407049,3.588771764,6.143499374,43.80013663,887.8868478,5.005247729,30.24579147,8.203602586,4.674495446,35.71377653,462925,20938,932,Rural,20.13285089,445.1236985,VT
352,VT-501,2.53190334,2.273961444,37.02599388,3.720162519,3.402140673,5.055045872,44.96,1230,2.116040956,28.51223242,6.017566669,5.721259202,28.14713796,162052,8720,359,Urban,22.15338286,411.6972477,VT
353,WA-500,6.29039501,9.559639282,42.86874924,4.502532941,2.40894225,3.70268443,46.61883608,1493.146777,2.99370684,29.2772243,6.093894262,4.554151643,26.35225239,2169266.308,97444.32078,12112,Urban,55.83454625,1242.96623,WA
354,WA-501,1.551883855,15.05356706,33.45945194,6.234360344,3.501544621,5.487020932,43.18064328,966.9072833,4.643992446,26.45386514,11.86230341,6.152544889,30.98401439,2264244.649,136017.136,5666,Rural,25.02379768,416.5651599,WA
355,WA-502,1.608636706,5.562239518,37.3572339,5.61693871,4.634009945,5.843648766,45.64,878,3.771677225,29.06156009,11.29052842,6.130798363,28.89359779,497875,29641,1245,Urban,25.00627668,420.0263149,WA
356,WA-504,2.875975693,10.02809489,33.20287019,4.565259742,3.146646787,4.3183991,40.46,1371,3.498132017,23.42434691,8.694649638,3.921464997,28.49482596,786620,30421,858,Suburban,10.90742671,282.0420105,WA
357,WA-508,1.671171069,9.305748132,33.48870858,5.440449834,3.920726077,4.51699482,42.68222642,1174.023561,2.986852862,23.37552332,9.468233689,4.286309531,28.73995852,473174.3511,20088.86403,795,Suburban,16.80141787,395.7416401,WA
358,WI-500,1.640349319,4.556710216,27.94464279,3.656258267,1.842798248,4.221873245,42.63486559,791.3163642,5.007642331,27.7329546,8.299300778,4.198557749,31.82788055,4098944,167523,3147,Rural,7.677587203,187.854802,WI
359,WI-501,26.44294908,14.73209748,50.51168634,6.184439219,2.527285576,7.288454995,47.9,864,5.401224809,35.50448871,5.806539985,8.525680011,25.34759157,954209,79485,871,Urban,9.1279793,109.580424,WI
360,WI-502,11.18332839,12.86707131,32.15594889,4.759221621,4.092480101,6.100754085,43.14,855,5.301140071,26.08530582,8.285603404,5.404694381,30.87595574,195398,10272,275,Suburban,14.07383904,267.7180685,WI
361,WI-503,5.158886689,6.282049588,42.00965875,3.136621789,1.605084514,3.21335824,44.57,1031,2.988217234,30.09977676,5.55340908,6.131722504,25.79330103,529843,31630,614,Urban,11.58833843,194.1195068,WI
362,WV-500,2.200930703,1.047392765,25.87565373,5.347240357,2.731902009,6.38074594,44.65221112,643.2415189,8.375875579,32.34585742,9.532319226,6.575643554,34.55904062,142258,9035,108,Rural,7.591840178,119.5351411,WV
363,WV-501,3.694146707,1.170364489,34.32262255,6.011562757,2.72430404,8.625760009,50.10701248,718.5476894,8.499129862,35.09841774,8.168104442,10.05883469,30.1589402,136026,13250,190,Rural,13.9679179,143.3962264,WV
364,WV-503,5.237549459,0.995751267,27.67396992,5.786603594,2.766251729,6.751768551,46.76234545,735.4602028,7.625032579,30.44462651,8.694928498,6.832277413,32.98207064,273964,18430,317,Suburban,11.57086333,172.0021704,WV
365,WV-508,3.463564551,1.700493262,26.26386399,7.200881726,2.40479896,8.108587301,44.89137878,704.8015767,7.5348539,28.58552826,9.447458522,7.688429299,32.32495775,1276806,95154,628,Rural,4.918523253,65.99827648,WV
366,WY-500,0.95215834,9.790731409,30.57234532,4.492069536,1.592594198,3.615314573,42.64126077,855.6169539,11.13616932,28.41130816,10.28575961,4.882119905,29.16251315,581836,27728,639,Rural,10.98247616,230.4529717,WY
367,CA-06037,8.159860932,48.46086156,54.18696117,6.833541362,3.542230459,6.836646947,50.22,1390,3.240649585,25.61790915,3.446261727,6.629788157,25.64302501,10098052,659518,52765,Urban,52.25265229,800.0539788,CA
368,CT-09001,11.35333585,19.34170454,32.69454993,6.955179256,1.738959326,3.621534784,54.32,1470,5.606926698,24.85440144,4.477605783,4.093663823,29.66215844,860214.7807,34548.94403,741,Urban,8.614127735,214.4783352,CT
369,GA-13089,53.96824756,8.576038063,45.69353788,7.363662623,1.363782011,4.341204722,49.04,1116,6.074399395,33.09511551,6.473172268,7.079610809,25.42428756,711615.7561,49410.85872,321,Suburban,4.510861336,64.96547688,GA
370,IL-17111,1.45326831,12.77693485,20.73212178,4.423045441,1.055342897,3.357421386,40.62,1175,4.347470785,20.31087898,6.524301136,2.86561653,30.58004022,301687.0034,8580.449683,179,Suburban,5.933301667,208.6137751,IL
371,MA-25005,4.05077786,7.701129888,37.50427019,5.82922988,3.580496542,7.522458891,45.63,872,4.716564873,27.8254808,6.636162335,5.05277023,30.58194147,558905,27466,994,Suburban,17.78477559,361.9019879,MA
372,MA-25009,4.009735936,20.35456017,35.91551943,5.385071799,3.417971086,6.850976734,48.4,1189,3.203905644,27.53067563,5.584489274,4.690237945,30.91223829,700484.4086,32168.37675,1793,Suburban,25.59657257,557.3796943,MA
373,MA-25017,5.267140256,7.869460228,37.60116127,4.21437772,1.845234921,4.170444243,46.8,1541,3.570194148,26.44442296,4.700730776,3.90060419,28.21660339,1249544.51,47040.66749,2210,Urban,17.6864448,469.8062587,MA
374,MA-25025,22.44956212,22.69635221,63.88280768,6.978219863,3.345892747,8.184298568,53.65,1506,2.779071573,35.62347744,3.013041591,9.599017062,22.45852941,678898.0483,61562.18273,6188,Urban,91.14770643,1005.162541,MA
375,MI-26163,38.89548093,5.859149236,37.98772368,10.18918866,3.372219685,9.622561474,49.74,850,5.451751399,33.51498034,6.193532507,10.90014958,28.62167321,1761382,189688,1980,Urban,11.24117312,104.3819324,MI
376,NE-31109,4.030713268,6.862435262,39.97439786,3.406158316,2.942615332,3.464442379,44.18,822,3.80257644,30.30755182,6.459124379,5.615553668,24.69122266,258657.8244,13896.55832,451,Urban,17.43616305,324.540789,NE
377,NH-33011,2.80475909,6.52976134,34.04585427,4.347215424,2.417713568,4.734296482,42.99,1154,4.01934594,25.40075377,8.300091864,3.481334118,31.22550701,411087,14017,708,Urban,17.22263171,505.1009488,NH
378,NM-35001,2.84199902,49.82012478,37.17274531,6.292402738,2.497957893,5.54361451,47.51,857,7.827199588,32.90521236,9.206893851,7.624429725,28.38796976,527082.1723,39696.12596,1340,Urban,25.4229809,337.5644267,NM
379,OK-40027,4.647078592,8.422197569,35.99486643,4.155351465,1.824317901,3.738948569,43.17,908,7.479834367,25.21627531,9.540333211,6.820339599,24.86476134,203761.9761,13276.45128,364,Suburban,17.86398066,274.16965,OK
380,WA-53053,6.679963714,10.63407146,38.34100831,5.820679253,3.37520735,4.893310964,42.6,1186,3.849322948,25.92453864,13.46459486,5.431859689,27.08352717,853830.6919,45512.67922,1628,Suburban,19.06701194,357.7025189,WA